student_id,week_start,logins,submissions_on_time,submissions_late
1,2024-09-02,5,1,0
1,2024-09-09,6,1,0
1,2024-09-16,7,3,0
1,2024-09-23,8,2,0
1,2024-09-30,5,2,0
1,2024-10-07,7,2,0
1,2024-10-14,5,1,0
1,2024-10-21,11,2,0
1,2024-10-28,7,1,0
1,2024-11-04,5,2,0
1,2024-11-11,5,1,0
1,2024-11-18,9,1,0
1,2024-11-25,5,1,0
1,2024-12-02,5,0,0
1,2024-12-09,7,0,0
1,2024-12-16,6,3,0
2,2024-09-02,5,2,0
2,2024-09-09,4,1,0
2,2024-09-16,5,2,0
2,2024-09-23,8,1,0
2,2024-09-30,4,2,0
2,2024-10-07,4,0,0
2,2024-10-14,7,2,0
2,2024-10-21,9,1,0
2,2024-10-28,4,3,0
2,2024-11-04,7,2,1
2,2024-11-11,5,2,1
2,2024-11-18,8,0,0
2,2024-11-25,7,0,0
2,2024-12-02,6,2,0
2,2024-12-09,9,3,0
2,2024-12-16,4,1,0
3,2024-09-02,7,2,1
3,2024-09-09,4,3,1
3,2024-09-16,7,3,0
3,2024-09-23,8,1,0
3,2024-09-30,4,2,1
3,2024-10-07,7,2,0
3,2024-10-14,4,2,0
3,2024-10-21,8,1,0
3,2024-10-28,4,3,0
3,2024-11-04,6,2,0
3,2024-11-11,6,2,0
3,2024-11-18,13,0,1
3,2024-11-25,5,2,0
3,2024-12-02,4,2,0
3,2024-12-09,9,2,0
3,2024-12-16,7,2,0
4,2024-09-02,0,1,1
4,2024-09-09,2,1,0
4,2024-09-16,0,2,1
4,2024-09-23,3,1,0
4,2024-09-30,0,2,0
4,2024-10-07,0,2,1
4,2024-10-14,0,2,1
4,2024-10-21,0,1,1
4,2024-10-28,0,1,0
4,2024-11-04,0,0,2
4,2024-11-11,0,0,1
4,2024-11-18,0,2,0
4,2024-11-25,0,1,1
4,2024-12-02,0,2,1
4,2024-12-09,0,1,1
4,2024-12-16,0,0,1
5,2024-09-02,7,2,0
5,2024-09-09,6,3,0
5,2024-09-16,4,2,1
5,2024-09-23,7,1,0
5,2024-09-30,5,1,1
5,2024-10-07,9,2,0
5,2024-10-14,3,2,1
5,2024-10-21,9,1,0
5,2024-10-28,4,2,0
5,2024-11-04,3,3,0
5,2024-11-11,8,0,0
5,2024-11-18,8,2,1
5,2024-11-25,7,1,0
5,2024-12-02,7,1,1
5,2024-12-09,8,3,0
5,2024-12-16,5,1,0
6,2024-09-02,6,2,0
6,2024-09-09,5,2,0
6,2024-09-16,6,1,0
6,2024-09-23,6,0,0
6,2024-09-30,4,3,0
6,2024-10-07,6,2,0
6,2024-10-14,5,1,1
6,2024-10-21,11,0,0
6,2024-10-28,5,1,0
6,2024-11-04,4,3,1
6,2024-11-11,6,2,1
6,2024-11-18,8,1,0
6,2024-11-25,7,2,0
6,2024-12-02,4,1,0
6,2024-12-09,11,0,0
6,2024-12-16,8,3,0
7,2024-09-02,2,2,0
7,2024-09-09,1,2,0
7,2024-09-16,2,2,0
7,2024-09-23,5,1,0
7,2024-09-30,4,1,0
7,2024-10-07,1,2,0
7,2024-10-14,0,1,0
7,2024-10-21,2,1,1
7,2024-10-28,0,2,1
7,2024-11-04,3,1,1
7,2024-11-11,1,2,1
7,2024-11-18,1,3,1
7,2024-11-25,1,0,0
7,2024-12-02,1,1,0
7,2024-12-09,1,2,1
7,2024-12-16,0,1,0
8,2024-09-02,8,1,0
8,2024-09-09,7,1,0
8,2024-09-16,4,3,1
8,2024-09-23,12,2,0
8,2024-09-30,11,3,0
8,2024-10-07,10,2,0
8,2024-10-14,8,2,0
8,2024-10-21,13,1,0
8,2024-10-28,9,1,0
8,2024-11-04,7,2,0
8,2024-11-11,10,3,0
8,2024-11-18,9,1,0
8,2024-11-25,7,1,1
8,2024-12-02,10,1,0
8,2024-12-09,13,1,0
8,2024-12-16,8,2,1
9,2024-09-02,7,1,0
9,2024-09-09,5,2,0
9,2024-09-16,6,2,0
9,2024-09-23,6,2,0
9,2024-09-30,6,1,1
9,2024-10-07,4,3,0
9,2024-10-14,6,2,0
9,2024-10-21,9,3,0
9,2024-10-28,6,0,0
9,2024-11-04,8,1,0
9,2024-11-11,5,3,0
9,2024-11-18,7,3,1
9,2024-11-25,5,1,1
9,2024-12-02,8,2,0
9,2024-12-09,8,1,0
9,2024-12-16,8,2,0
10,2024-09-02,8,2,0
10,2024-09-09,8,1,0
10,2024-09-16,5,0,0
10,2024-09-23,12,0,0
10,2024-09-30,6,2,0
10,2024-10-07,4,2,0
10,2024-10-14,2,2,0
10,2024-10-21,9,2,1
10,2024-10-28,6,2,0
10,2024-11-04,7,2,0
10,2024-11-11,4,2,0
10,2024-11-18,8,1,0
10,2024-11-25,9,3,1
10,2024-12-02,4,2,0
10,2024-12-09,7,1,1
10,2024-12-16,5,2,0
11,2024-09-02,7,0,1
11,2024-09-09,5,1,1
11,2024-09-16,4,1,0
11,2024-09-23,4,3,0
11,2024-09-30,5,1,0
11,2024-10-07,5,0,0
11,2024-10-14,3,1,0
11,2024-10-21,6,2,0
11,2024-10-28,2,1,1
11,2024-11-04,5,0,0
11,2024-11-11,0,1,1
11,2024-11-18,4,1,1
11,2024-11-25,1,1,1
11,2024-12-02,2,1,1
11,2024-12-09,6,1,0
11,2024-12-16,3,1,1
12,2024-09-02,0,1,0
12,2024-09-09,0,1,0
12,2024-09-16,1,1,1
12,2024-09-23,0,2,1
12,2024-09-30,0,0,0
12,2024-10-07,0,1,0
12,2024-10-14,0,3,0
12,2024-10-21,0,1,1
12,2024-10-28,1,0,1
12,2024-11-04,0,1,1
12,2024-11-11,0,1,0
12,2024-11-18,0,0,1
12,2024-11-25,0,0,2
12,2024-12-02,0,0,1
12,2024-12-09,0,1,2
12,2024-12-16,0,2,2
13,2024-09-02,3,1,0
13,2024-09-09,3,2,1
13,2024-09-16,3,1,0
13,2024-09-23,3,2,0
13,2024-09-30,3,2,0
13,2024-10-07,0,1,0
13,2024-10-14,0,2,1
13,2024-10-21,2,0,0
13,2024-10-28,1,0,1
13,2024-11-04,0,4,2
13,2024-11-11,0,1,1
13,2024-11-18,4,0,0
13,2024-11-25,0,1,1
13,2024-12-02,2,0,0
13,2024-12-09,2,0,0
13,2024-12-16,0,1,1
14,2024-09-02,5,1,0
14,2024-09-09,3,1,0
14,2024-09-16,6,2,0
14,2024-09-23,8,0,0
14,2024-09-30,8,0,0
14,2024-10-07,6,3,0
14,2024-10-14,4,0,0
14,2024-10-21,12,2,0
14,2024-10-28,6,1,0
14,2024-11-04,7,2,0
14,2024-11-11,4,3,0
14,2024-11-18,8,2,0
14,2024-11-25,4,1,0
14,2024-12-02,6,0,0
14,2024-12-09,5,1,0
14,2024-12-16,5,1,0
15,2024-09-02,2,1,0
15,2024-09-09,0,2,1
15,2024-09-16,2,1,0
15,2024-09-23,2,1,0
15,2024-09-30,1,1,0
15,2024-10-07,0,0,0
15,2024-10-14,0,1,0
15,2024-10-21,3,1,0
15,2024-10-28,2,2,0
15,2024-11-04,1,0,0
15,2024-11-11,0,0,0
15,2024-11-18,1,1,0
15,2024-11-25,0,1,1
15,2024-12-02,0,0,1
15,2024-12-09,0,1,1
15,2024-12-16,1,1,0
16,2024-09-02,10,0,0
16,2024-09-09,8,2,0
16,2024-09-16,7,1,0
16,2024-09-23,12,2,0
16,2024-09-30,11,2,1
16,2024-10-07,8,1,0
16,2024-10-14,8,2,1
16,2024-10-21,11,1,0
16,2024-10-28,7,2,0
16,2024-11-04,8,1,0
16,2024-11-11,9,1,0
16,2024-11-18,12,2,1
16,2024-11-25,9,2,0
16,2024-12-02,9,1,0
16,2024-12-09,12,3,0
16,2024-12-16,9,0,0
17,2024-09-02,9,2,0
17,2024-09-09,7,1,0
17,2024-09-16,5,1,0
17,2024-09-23,14,2,0
17,2024-09-30,7,0,0
17,2024-10-07,10,3,0
17,2024-10-14,9,2,0
17,2024-10-21,13,3,0
17,2024-10-28,11,1,1
17,2024-11-04,7,2,0
17,2024-11-11,7,2,0
17,2024-11-18,12,0,0
17,2024-11-25,9,2,0
17,2024-12-02,9,3,0
17,2024-12-09,13,0,0
17,2024-12-16,8,2,0
18,2024-09-02,4,2,0
18,2024-09-09,8,2,0
18,2024-09-16,6,2,1
18,2024-09-23,7,1,0
18,2024-09-30,6,2,0
18,2024-10-07,2,1,0
18,2024-10-14,6,2,0
18,2024-10-21,7,2,0
18,2024-10-28,9,2,0
18,2024-11-04,5,1,0
18,2024-11-11,7,2,0
18,2024-11-18,11,2,0
18,2024-11-25,5,2,0
18,2024-12-02,3,3,1
18,2024-12-09,8,1,0
18,2024-12-16,6,2,0
19,2024-09-02,6,3,0
19,2024-09-09,4,3,1
19,2024-09-16,10,1,0
19,2024-09-23,5,2,0
19,2024-09-30,8,1,0
19,2024-10-07,5,0,0
19,2024-10-14,2,2,0
19,2024-10-21,8,3,0
19,2024-10-28,4,1,0
19,2024-11-04,6,0,0
19,2024-11-11,1,1,0
19,2024-11-18,9,2,0
19,2024-11-25,4,2,0
19,2024-12-02,5,1,0
19,2024-12-09,8,1,1
19,2024-12-16,3,0,0
20,2024-09-02,2,1,0
20,2024-09-09,3,3,0
20,2024-09-16,5,0,0
20,2024-09-23,1,1,1
20,2024-09-30,4,1,0
20,2024-10-07,2,2,0
20,2024-10-14,1,2,1
20,2024-10-21,5,2,2
20,2024-10-28,3,2,0
20,2024-11-04,3,2,0
20,2024-11-11,2,1,1
20,2024-11-18,6,2,0
20,2024-11-25,4,1,0
20,2024-12-02,3,0,0
20,2024-12-09,5,1,0
20,2024-12-16,5,2,0
21,2024-09-02,1,1,0
21,2024-09-09,4,1,0
21,2024-09-16,3,1,0
21,2024-09-23,4,3,0
21,2024-09-30,5,1,1
21,2024-10-07,3,2,0
21,2024-10-14,2,3,0
21,2024-10-21,6,2,0
21,2024-10-28,4,1,0
21,2024-11-04,3,0,0
21,2024-11-11,5,2,0
21,2024-11-18,5,1,1
21,2024-11-25,3,1,1
21,2024-12-02,2,3,0
21,2024-12-09,7,1,0
21,2024-12-16,0,1,0
22,2024-09-02,0,1,0
22,2024-09-09,1,2,0
22,2024-09-16,0,3,0
22,2024-09-23,3,1,0
22,2024-09-30,1,2,0
22,2024-10-07,0,1,1
22,2024-10-14,1,1,1
22,2024-10-21,2,1,1
22,2024-10-28,0,0,1
22,2024-11-04,0,0,1
22,2024-11-11,0,1,1
22,2024-11-18,0,1,1
22,2024-11-25,0,0,1
22,2024-12-02,0,0,1
22,2024-12-09,0,0,1
22,2024-12-16,0,0,1
23,2024-09-02,5,1,0
23,2024-09-09,3,1,0
23,2024-09-16,3,2,0
23,2024-09-23,6,3,0
23,2024-09-30,4,1,0
23,2024-10-07,2,1,0
23,2024-10-14,7,1,0
23,2024-10-21,5,2,0
23,2024-10-28,5,0,0
23,2024-11-04,2,2,0
23,2024-11-11,0,2,0
23,2024-11-18,3,1,0
23,2024-11-25,3,1,0
23,2024-12-02,0,1,0
23,2024-12-09,5,1,1
23,2024-12-16,0,1,1
24,2024-09-02,6,1,0
24,2024-09-09,1,0,0
24,2024-09-16,3,2,0
24,2024-09-23,6,3,0
24,2024-09-30,4,1,0
24,2024-10-07,5,1,0
24,2024-10-14,1,0,1
24,2024-10-21,5,3,0
24,2024-10-28,0,2,0
24,2024-11-04,4,1,0
24,2024-11-11,3,3,0
24,2024-11-18,5,2,0
24,2024-11-25,3,0,0
24,2024-12-02,5,1,1
24,2024-12-09,5,1,1
24,2024-12-16,3,2,0
25,2024-09-02,8,2,0
25,2024-09-09,6,1,0
25,2024-09-16,8,1,0
25,2024-09-23,11,0,0
25,2024-09-30,8,1,0
25,2024-10-07,9,3,0
25,2024-10-14,10,2,0
25,2024-10-21,13,1,0
25,2024-10-28,11,2,0
25,2024-11-04,8,0,0
25,2024-11-11,10,0,0
25,2024-11-18,13,1,0
25,2024-11-25,8,0,0
25,2024-12-02,10,1,0
25,2024-12-09,12,2,0
25,2024-12-16,8,2,0
26,2024-09-02,9,2,0
26,2024-09-09,10,1,1
26,2024-09-16,9,1,0
26,2024-09-23,13,2,0
26,2024-09-30,7,2,0
26,2024-10-07,10,3,0
26,2024-10-14,10,1,0
26,2024-10-21,13,2,0
26,2024-10-28,6,2,0
26,2024-11-04,8,2,0
26,2024-11-11,12,2,0
26,2024-11-18,13,2,0
26,2024-11-25,7,1,0
26,2024-12-02,9,1,0
26,2024-12-09,14,2,0
26,2024-12-16,8,2,0
27,2024-09-02,4,1,0
27,2024-09-09,5,1,1
27,2024-09-16,3,1,0
27,2024-09-23,6,0,0
27,2024-09-30,2,2,1
27,2024-10-07,4,0,1
27,2024-10-14,4,1,0
27,2024-10-21,6,1,0
27,2024-10-28,2,1,0
27,2024-11-04,1,1,0
27,2024-11-11,4,2,0
27,2024-11-18,4,2,0
27,2024-11-25,2,1,1
27,2024-12-02,4,2,1
27,2024-12-09,4,2,0
27,2024-12-16,4,1,0
28,2024-09-02,6,2,0
28,2024-09-09,5,1,0
28,2024-09-16,6,2,0
28,2024-09-23,6,1,0
28,2024-09-30,8,1,1
28,2024-10-07,7,1,0
28,2024-10-14,6,1,0
28,2024-10-21,8,0,0
28,2024-10-28,6,1,0
28,2024-11-04,7,2,0
28,2024-11-11,5,2,0
28,2024-11-18,9,2,0
28,2024-11-25,3,1,0
28,2024-12-02,6,2,1
28,2024-12-09,8,1,1
28,2024-12-16,6,3,0
29,2024-09-02,0,0,0
29,2024-09-09,2,2,1
29,2024-09-16,3,2,0
29,2024-09-23,0,2,0
29,2024-09-30,1,2,0
29,2024-10-07,3,2,1
29,2024-10-14,2,2,0
29,2024-10-21,3,0,1
29,2024-10-28,0,1,0
29,2024-11-04,1,1,0
29,2024-11-11,1,1,1
29,2024-11-18,1,1,0
29,2024-11-25,0,1,1
29,2024-12-02,3,0,1
29,2024-12-09,0,0,0
29,2024-12-16,0,0,1
30,2024-09-02,8,2,0
30,2024-09-09,9,2,0
30,2024-09-16,7,2,0
30,2024-09-23,12,1,0
30,2024-09-30,8,2,0
30,2024-10-07,7,1,1
30,2024-10-14,9,3,1
30,2024-10-21,15,0,0
30,2024-10-28,9,1,0
30,2024-11-04,10,2,0
30,2024-11-11,10,1,0
30,2024-11-18,13,1,0
30,2024-11-25,7,3,0
30,2024-12-02,8,2,0
30,2024-12-09,13,2,0
30,2024-12-16,8,3,0
31,2024-09-02,10,1,0
31,2024-09-09,8,1,0
31,2024-09-16,8,2,0
31,2024-09-23,16,1,0
31,2024-09-30,10,1,0
31,2024-10-07,7,3,0
31,2024-10-14,8,1,0
31,2024-10-21,12,1,0
31,2024-10-28,7,3,0
31,2024-11-04,10,2,0
31,2024-11-11,9,2,0
31,2024-11-18,15,2,0
31,2024-11-25,8,1,0
31,2024-12-02,9,2,0
31,2024-12-09,13,2,0
31,2024-12-16,11,2,1
32,2024-09-02,5,2,1
32,2024-09-09,7,1,0
32,2024-09-16,5,2,0
32,2024-09-23,7,2,0
32,2024-09-30,8,1,0
32,2024-10-07,5,2,0
32,2024-10-14,5,1,0
32,2024-10-21,11,1,0
32,2024-10-28,6,3,0
32,2024-11-04,4,2,0
32,2024-11-11,3,1,0
32,2024-11-18,10,1,0
32,2024-11-25,6,1,0
32,2024-12-02,1,2,0
32,2024-12-09,8,3,0
32,2024-12-16,8,0,0
33,2024-09-02,3,1,0
33,2024-09-09,6,2,0
33,2024-09-16,7,3,0
33,2024-09-23,7,2,0
33,2024-09-30,8,1,0
33,2024-10-07,5,2,0
33,2024-10-14,5,3,0
33,2024-10-21,9,2,0
33,2024-10-28,6,1,0
33,2024-11-04,4,2,1
33,2024-11-11,7,2,0
33,2024-11-18,8,3,0
33,2024-11-25,4,2,0
33,2024-12-02,4,0,0
33,2024-12-09,8,2,0
33,2024-12-16,6,1,0
34,2024-09-02,9,3,0
34,2024-09-09,8,1,0
34,2024-09-16,10,2,0
34,2024-09-23,13,3,0
34,2024-09-30,10,1,0
34,2024-10-07,9,2,0
34,2024-10-14,9,2,1
34,2024-10-21,15,2,0
34,2024-10-28,10,2,0
34,2024-11-04,8,1,0
34,2024-11-11,9,1,1
34,2024-11-18,13,1,0
34,2024-11-25,7,2,0
34,2024-12-02,10,1,0
34,2024-12-09,11,2,0
34,2024-12-16,9,2,0
35,2024-09-02,4,1,0
35,2024-09-09,0,1,0
35,2024-09-16,3,1,0
35,2024-09-23,2,1,0
35,2024-09-30,0,2,0
35,2024-10-07,2,0,1
35,2024-10-14,2,2,0
35,2024-10-21,2,0,0
35,2024-10-28,2,2,0
35,2024-11-04,0,2,0
35,2024-11-11,0,2,0
35,2024-11-18,3,0,0
35,2024-11-25,1,1,0
35,2024-12-02,0,3,0
35,2024-12-09,2,0,0
35,2024-12-16,0,1,1
36,2024-09-02,8,2,0
36,2024-09-09,7,2,0
36,2024-09-16,5,2,0
36,2024-09-23,13,0,0
36,2024-09-30,8,0,0
36,2024-10-07,10,3,0
36,2024-10-14,10,0,0
36,2024-10-21,12,2,0
36,2024-10-28,11,1,0
36,2024-11-04,8,1,0
36,2024-11-11,7,2,0
36,2024-11-18,13,2,0
36,2024-11-25,10,1,0
36,2024-12-02,7,2,0
36,2024-12-09,10,2,0
36,2024-12-16,8,3,0
37,2024-09-02,2,2,0
37,2024-09-09,3,2,0
37,2024-09-16,0,1,0
37,2024-09-23,6,0,1
37,2024-09-30,4,2,1
37,2024-10-07,7,2,1
37,2024-10-14,3,1,0
37,2024-10-21,4,1,0
37,2024-10-28,3,0,0
37,2024-11-04,3,1,0
37,2024-11-11,8,2,0
37,2024-11-18,5,1,0
37,2024-11-25,1,2,0
37,2024-12-02,4,2,1
37,2024-12-09,4,2,1
37,2024-12-16,2,1,1
38,2024-09-02,6,2,0
38,2024-09-09,4,1,0
38,2024-09-16,4,1,0
38,2024-09-23,7,2,0
38,2024-09-30,5,1,0
38,2024-10-07,5,2,0
38,2024-10-14,5,1,0
38,2024-10-21,7,1,1
38,2024-10-28,7,2,0
38,2024-11-04,6,2,0
38,2024-11-11,8,3,1
38,2024-11-18,9,2,1
38,2024-11-25,6,1,0
38,2024-12-02,6,0,0
38,2024-12-09,10,0,1
38,2024-12-16,7,1,0
39,2024-09-02,9,2,0
39,2024-09-09,6,2,0
39,2024-09-16,9,1,1
39,2024-09-23,15,1,0
39,2024-09-30,8,2,0
39,2024-10-07,10,2,0
39,2024-10-14,9,0,0
39,2024-10-21,15,2,0
39,2024-10-28,8,1,0
39,2024-11-04,9,1,0
39,2024-11-11,7,2,0
39,2024-11-18,15,3,0
39,2024-11-25,7,0,0
39,2024-12-02,7,3,0
39,2024-12-09,14,0,0
39,2024-12-16,10,2,0
40,2024-09-02,6,3,0
40,2024-09-09,6,2,1
40,2024-09-16,2,2,0
40,2024-09-23,9,1,0
40,2024-09-30,7,4,0
40,2024-10-07,4,1,0
40,2024-10-14,3,1,0
40,2024-10-21,7,2,0
40,2024-10-28,4,1,1
40,2024-11-04,7,2,0
40,2024-11-11,6,1,0
40,2024-11-18,12,2,0
40,2024-11-25,5,1,0
40,2024-12-02,3,3,0
40,2024-12-09,7,1,1
40,2024-12-16,6,1,1
41,2024-09-02,3,2,0
41,2024-09-09,5,3,0
41,2024-09-16,4,2,0
41,2024-09-23,0,1,0
41,2024-09-30,2,2,0
41,2024-10-07,1,2,0
41,2024-10-14,2,1,0
41,2024-10-21,1,0,0
41,2024-10-28,2,1,0
41,2024-11-04,0,1,1
41,2024-11-11,0,0,1
41,2024-11-18,1,1,1
41,2024-11-25,0,1,0
41,2024-12-02,0,1,0
41,2024-12-09,1,1,1
41,2024-12-16,2,1,1
42,2024-09-02,4,2,0
42,2024-09-09,4,2,1
42,2024-09-16,5,2,0
42,2024-09-23,7,0,0
42,2024-09-30,3,3,0
42,2024-10-07,5,2,0
42,2024-10-14,4,2,1
42,2024-10-21,9,2,0
42,2024-10-28,6,2,0
42,2024-11-04,6,1,0
42,2024-11-11,5,4,0
42,2024-11-18,6,1,0
42,2024-11-25,8,1,0
42,2024-12-02,7,0,0
42,2024-12-09,8,1,0
42,2024-12-16,4,1,0
43,2024-09-02,2,2,0
43,2024-09-09,3,2,0
43,2024-09-16,0,1,0
43,2024-09-23,3,1,0
43,2024-09-30,0,2,1
43,2024-10-07,0,2,0
43,2024-10-14,1,1,1
43,2024-10-21,2,3,0
43,2024-10-28,1,1,0
43,2024-11-04,1,1,2
43,2024-11-11,0,0,1
43,2024-11-18,0,1,1
43,2024-11-25,1,2,0
43,2024-12-02,0,0,0
43,2024-12-09,2,0,0
43,2024-12-16,0,1,2
44,2024-09-02,7,0,0
44,2024-09-09,9,2,0
44,2024-09-16,8,2,1
44,2024-09-23,10,1,0
44,2024-09-30,7,3,0
44,2024-10-07,9,2,0
44,2024-10-14,6,1,0
44,2024-10-21,13,1,0
44,2024-10-28,8,1,0
44,2024-11-04,10,3,0
44,2024-11-11,10,1,0
44,2024-11-18,13,2,0
44,2024-11-25,8,2,0
44,2024-12-02,9,2,0
44,2024-12-09,12,1,1
44,2024-12-16,9,1,0
45,2024-09-02,6,1,0
45,2024-09-09,2,2,1
45,2024-09-16,4,2,0
45,2024-09-23,2,2,1
45,2024-09-30,0,2,0
45,2024-10-07,2,1,0
45,2024-10-14,2,2,1
45,2024-10-21,2,1,0
45,2024-10-28,2,1,0
45,2024-11-04,0,1,0
45,2024-11-11,0,0,0
45,2024-11-18,0,0,2
45,2024-11-25,2,0,1
45,2024-12-02,1,2,0
45,2024-12-09,3,0,0
45,2024-12-16,1,2,2
46,2024-09-02,4,2,0
46,2024-09-09,7,0,0
46,2024-09-16,4,2,0
46,2024-09-23,9,2,0
46,2024-09-30,8,2,0
46,2024-10-07,8,1,0
46,2024-10-14,8,2,0
46,2024-10-21,7,3,0
46,2024-10-28,6,2,0
46,2024-11-04,6,1,0
46,2024-11-11,7,2,0
46,2024-11-18,10,1,0
46,2024-11-25,4,1,0
46,2024-12-02,7,1,0
46,2024-12-09,8,1,0
46,2024-12-16,5,1,0
47,2024-09-02,4,1,1
47,2024-09-09,4,2,0
47,2024-09-16,3,2,0
47,2024-09-23,3,1,0
47,2024-09-30,4,2,0
47,2024-10-07,3,1,0
47,2024-10-14,3,2,0
47,2024-10-21,6,0,0
47,2024-10-28,3,3,0
47,2024-11-04,0,0,0
47,2024-11-11,4,2,0
47,2024-11-18,7,1,1
47,2024-11-25,1,1,0
47,2024-12-02,3,1,0
47,2024-12-09,5,0,0
47,2024-12-16,1,2,0
48,2024-09-02,3,3,0
48,2024-09-09,2,1,0
48,2024-09-16,4,2,1
48,2024-09-23,2,2,0
48,2024-09-30,2,1,0
48,2024-10-07,6,2,0
48,2024-10-14,5,0,0
48,2024-10-21,2,1,0
48,2024-10-28,3,1,0
48,2024-11-04,4,2,1
48,2024-11-11,0,2,0
48,2024-11-18,4,2,0
48,2024-11-25,2,1,0
48,2024-12-02,5,1,1
48,2024-12-09,4,1,0
48,2024-12-16,4,1,1
49,2024-09-02,0,0,0
49,2024-09-09,0,1,0
49,2024-09-16,2,1,0
49,2024-09-23,1,2,0
49,2024-09-30,0,0,0
49,2024-10-07,0,1,0
49,2024-10-14,0,0,1
49,2024-10-21,1,1,1
49,2024-10-28,0,0,0
49,2024-11-04,0,1,1
49,2024-11-11,0,2,1
49,2024-11-18,0,0,1
49,2024-11-25,1,0,2
49,2024-12-02,0,0,1
49,2024-12-09,0,0,1
49,2024-12-16,0,1,1
50,2024-09-02,3,1,0
50,2024-09-09,6,1,0
50,2024-09-16,8,2,0
50,2024-09-23,8,1,1
50,2024-09-30,5,1,0
50,2024-10-07,7,3,0
50,2024-10-14,6,2,0
50,2024-10-21,10,2,0
50,2024-10-28,4,1,0
50,2024-11-04,7,1,1
50,2024-11-11,6,0,0
50,2024-11-18,8,0,1
50,2024-11-25,7,2,0
50,2024-12-02,3,1,0
50,2024-12-09,7,0,0
50,2024-12-16,5,2,0
51,2024-09-02,9,2,1
51,2024-09-09,6,2,0
51,2024-09-16,7,0,0
51,2024-09-23,12,2,0
51,2024-09-30,7,1,1
51,2024-10-07,9,1,0
51,2024-10-14,11,1,1
51,2024-10-21,13,1,1
51,2024-10-28,7,1,0
51,2024-11-04,10,3,1
51,2024-11-11,10,1,0
51,2024-11-18,11,3,0
51,2024-11-25,8,3,0
51,2024-12-02,9,1,0
51,2024-12-09,13,0,0
51,2024-12-16,10,2,0
52,2024-09-02,7,1,0
52,2024-09-09,10,2,0
52,2024-09-16,10,2,0
52,2024-09-23,12,2,0
52,2024-09-30,8,1,0
52,2024-10-07,6,1,0
52,2024-10-14,7,2,1
52,2024-10-21,15,3,0
52,2024-10-28,10,1,0
52,2024-11-04,5,3,1
52,2024-11-11,8,1,0
52,2024-11-18,14,2,0
52,2024-11-25,9,1,0
52,2024-12-02,9,1,0
52,2024-12-09,13,2,0
52,2024-12-16,9,1,0
53,2024-09-02,3,2,0
53,2024-09-09,4,2,0
53,2024-09-16,1,0,0
53,2024-09-23,2,2,0
53,2024-09-30,1,0,0
53,2024-10-07,2,3,0
53,2024-10-14,1,2,0
53,2024-10-21,2,1,1
53,2024-10-28,1,1,0
53,2024-11-04,2,3,0
53,2024-11-11,0,1,1
53,2024-11-18,1,0,1
53,2024-11-25,1,0,0
53,2024-12-02,3,2,1
53,2024-12-09,1,1,1
53,2024-12-16,2,0,0
54,2024-09-02,5,1,1
54,2024-09-09,2,1,0
54,2024-09-16,3,0,0
54,2024-09-23,3,2,0
54,2024-09-30,1,2,1
54,2024-10-07,3,1,2
54,2024-10-14,1,1,0
54,2024-10-21,7,2,0
54,2024-10-28,2,1,0
54,2024-11-04,3,1,0
54,2024-11-11,5,1,0
54,2024-11-18,5,1,0
54,2024-11-25,4,0,1
54,2024-12-02,4,1,0
54,2024-12-09,5,2,0
54,2024-12-16,3,1,0
55,2024-09-02,1,0,0
55,2024-09-09,2,1,1
55,2024-09-16,1,1,1
55,2024-09-23,3,2,0
55,2024-09-30,2,1,0
55,2024-10-07,0,1,1
55,2024-10-14,0,1,0
55,2024-10-21,0,0,0
55,2024-10-28,1,1,0
55,2024-11-04,1,2,0
55,2024-11-11,0,1,1
55,2024-11-18,4,0,1
55,2024-11-25,1,0,1
55,2024-12-02,0,0,1
55,2024-12-09,1,1,1
55,2024-12-16,0,1,0
56,2024-09-02,8,0,0
56,2024-09-09,4,2,0
56,2024-09-16,5,2,0
56,2024-09-23,9,1,0
56,2024-09-30,6,1,0
56,2024-10-07,5,2,0
56,2024-10-14,8,1,0
56,2024-10-21,7,2,0
56,2024-10-28,6,1,0
56,2024-11-04,7,1,0
56,2024-11-11,6,3,0
56,2024-11-18,9,1,1
56,2024-11-25,3,2,0
56,2024-12-02,2,2,0
56,2024-12-09,8,1,2
56,2024-12-16,5,2,0
57,2024-09-02,6,1,0
57,2024-09-09,8,2,0
57,2024-09-16,2,1,1
57,2024-09-23,8,2,1
57,2024-09-30,6,1,0
57,2024-10-07,7,1,0
57,2024-10-14,4,1,0
57,2024-10-21,9,1,1
57,2024-10-28,5,0,0
57,2024-11-04,6,2,1
57,2024-11-11,5,1,0
57,2024-11-18,10,2,0
57,2024-11-25,3,3,0
57,2024-12-02,5,2,0
57,2024-12-09,6,0,0
57,2024-12-16,5,4,0
58,2024-09-02,7,1,0
58,2024-09-09,8,2,0
58,2024-09-16,6,0,0
58,2024-09-23,12,1,0
58,2024-09-30,10,3,0
58,2024-10-07,6,1,0
58,2024-10-14,8,1,0
58,2024-10-21,13,1,0
58,2024-10-28,9,1,1
58,2024-11-04,7,0,0
58,2024-11-11,7,2,0
58,2024-11-18,15,2,0
58,2024-11-25,6,3,0
58,2024-12-02,7,0,0
58,2024-12-09,13,2,0
58,2024-12-16,6,2,0
59,2024-09-02,0,2,0
59,2024-09-09,2,1,0
59,2024-09-16,0,2,0
59,2024-09-23,0,1,0
59,2024-09-30,2,0,1
59,2024-10-07,0,2,1
59,2024-10-14,0,0,1
59,2024-10-21,0,1,0
59,2024-10-28,1,1,1
59,2024-11-04,0,0,0
59,2024-11-11,0,1,2
59,2024-11-18,0,0,1
59,2024-11-25,0,0,2
59,2024-12-02,0,1,0
59,2024-12-09,0,2,1
59,2024-12-16,0,0,1
60,2024-09-02,4,2,0
60,2024-09-09,5,0,0
60,2024-09-16,4,1,0
60,2024-09-23,7,2,0
60,2024-09-30,3,2,0
60,2024-10-07,6,1,1
60,2024-10-14,3,0,1
60,2024-10-21,5,2,1
60,2024-10-28,4,1,1
60,2024-11-04,3,2,0
60,2024-11-11,4,1,1
60,2024-11-18,6,1,0
60,2024-11-25,2,3,1
60,2024-12-02,4,3,0
60,2024-12-09,4,1,0
60,2024-12-16,2,2,0
61,2024-09-02,0,2,0
61,2024-09-09,1,2,0
61,2024-09-16,1,0,0
61,2024-09-23,0,0,0
61,2024-09-30,0,2,0
61,2024-10-07,0,2,0
61,2024-10-14,0,1,1
61,2024-10-21,1,1,0
61,2024-10-28,2,1,1
61,2024-11-04,0,1,1
61,2024-11-11,2,0,1
61,2024-11-18,0,1,0
61,2024-11-25,0,0,0
61,2024-12-02,0,1,1
61,2024-12-09,0,0,2
61,2024-12-16,0,1,2
62,2024-09-02,7,2,1
62,2024-09-09,5,2,0
62,2024-09-16,6,3,0
62,2024-09-23,7,3,1
62,2024-09-30,5,2,0
62,2024-10-07,8,2,1
62,2024-10-14,9,2,0
62,2024-10-21,10,1,1
62,2024-10-28,6,1,0
62,2024-11-04,7,2,0
62,2024-11-11,6,0,0
62,2024-11-18,9,3,0
62,2024-11-25,4,1,0
62,2024-12-02,8,3,0
62,2024-12-09,10,2,0
62,2024-12-16,5,1,0
63,2024-09-02,4,1,0
63,2024-09-09,4,1,0
63,2024-09-16,4,2,0
63,2024-09-23,6,2,0
63,2024-09-30,2,2,0
63,2024-10-07,4,1,1
63,2024-10-14,7,1,0
63,2024-10-21,4,2,0
63,2024-10-28,4,1,0
63,2024-11-04,2,2,0
63,2024-11-11,4,1,0
63,2024-11-18,5,1,0
63,2024-11-25,5,1,1
63,2024-12-02,5,1,0
63,2024-12-09,5,1,1
63,2024-12-16,3,1,0
64,2024-09-02,5,1,0
64,2024-09-09,5,1,0
64,2024-09-16,3,2,0
64,2024-09-23,5,1,0
64,2024-09-30,1,2,1
64,2024-10-07,2,1,0
64,2024-10-14,4,2,0
64,2024-10-21,4,1,0
64,2024-10-28,3,2,0
64,2024-11-04,1,3,0
64,2024-11-11,5,1,0
64,2024-11-18,6,1,0
64,2024-11-25,2,0,0
64,2024-12-02,3,1,0
64,2024-12-09,7,2,1
64,2024-12-16,2,0,1
65,2024-09-02,5,1,0
65,2024-09-09,7,1,1
65,2024-09-16,7,1,0
65,2024-09-23,10,0,0
65,2024-09-30,3,1,0
65,2024-10-07,5,1,0
65,2024-10-14,9,3,0
65,2024-10-21,11,1,0
65,2024-10-28,5,1,0
65,2024-11-04,6,1,0
65,2024-11-11,4,0,0
65,2024-11-18,7,1,1
65,2024-11-25,7,1,0
65,2024-12-02,8,2,0
65,2024-12-09,6,2,0
65,2024-12-16,5,2,0
66,2024-09-02,1,0,0
66,2024-09-09,3,1,0
66,2024-09-16,0,2,0
66,2024-09-23,1,2,1
66,2024-09-30,0,2,0
66,2024-10-07,2,0,1
66,2024-10-14,0,1,2
66,2024-10-21,2,1,0
66,2024-10-28,3,0,0
66,2024-11-04,0,2,1
66,2024-11-11,0,1,0
66,2024-11-18,2,1,1
66,2024-11-25,2,1,0
66,2024-12-02,1,1,0
66,2024-12-09,0,1,1
66,2024-12-16,0,0,1
67,2024-09-02,1,2,0
67,2024-09-09,2,1,0
67,2024-09-16,0,2,1
67,2024-09-23,0,1,1
67,2024-09-30,1,1,0
67,2024-10-07,1,0,0
67,2024-10-14,0,0,0
67,2024-10-21,0,2,1
67,2024-10-28,0,2,0
67,2024-11-04,0,1,1
67,2024-11-11,0,2,0
67,2024-11-18,0,1,1
67,2024-11-25,2,0,2
67,2024-12-02,0,1,1
67,2024-12-09,0,1,1
67,2024-12-16,0,0,2
68,2024-09-02,4,2,1
68,2024-09-09,0,1,0
68,2024-09-16,1,1,0
68,2024-09-23,2,1,0
68,2024-09-30,0,1,0
68,2024-10-07,1,1,0
68,2024-10-14,0,2,0
68,2024-10-21,1,3,0
68,2024-10-28,0,2,0
68,2024-11-04,0,3,0
68,2024-11-11,0,0,1
68,2024-11-18,3,1,1
68,2024-11-25,2,2,0
68,2024-12-02,0,0,0
68,2024-12-09,1,1,1
68,2024-12-16,2,1,1
69,2024-09-02,2,2,0
69,2024-09-09,2,3,0
69,2024-09-16,1,1,0
69,2024-09-23,4,1,0
69,2024-09-30,2,2,0
69,2024-10-07,1,0,0
69,2024-10-14,0,2,0
69,2024-10-21,0,2,0
69,2024-10-28,1,0,0
69,2024-11-04,1,1,1
69,2024-11-11,0,1,0
69,2024-11-18,2,1,1
69,2024-11-25,0,1,1
69,2024-12-02,0,0,1
69,2024-12-09,2,1,0
69,2024-12-16,0,2,1
70,2024-09-02,5,2,0
70,2024-09-09,8,3,0
70,2024-09-16,5,0,0
70,2024-09-23,6,2,0
70,2024-09-30,3,1,0
70,2024-10-07,6,0,0
70,2024-10-14,3,2,0
70,2024-10-21,7,1,0
70,2024-10-28,2,2,0
70,2024-11-04,7,1,0
70,2024-11-11,3,1,0
70,2024-11-18,10,1,0
70,2024-11-25,5,0,0
70,2024-12-02,6,1,0
70,2024-12-09,7,1,0
70,2024-12-16,5,2,0
71,2024-09-02,6,0,0
71,2024-09-09,6,2,0
71,2024-09-16,5,2,0
71,2024-09-23,5,1,0
71,2024-09-30,7,3,0
71,2024-10-07,3,2,1
71,2024-10-14,6,1,0
71,2024-10-21,9,1,0
71,2024-10-28,7,2,0
71,2024-11-04,5,2,0
71,2024-11-11,6,0,1
71,2024-11-18,8,3,0
71,2024-11-25,4,3,1
71,2024-12-02,7,1,0
71,2024-12-09,9,1,1
71,2024-12-16,6,0,0
72,2024-09-02,0,1,0
72,2024-09-09,2,2,0
72,2024-09-16,0,1,0
72,2024-09-23,0,2,1
72,2024-09-30,2,2,0
72,2024-10-07,1,0,1
72,2024-10-14,0,0,1
72,2024-10-21,0,0,1
72,2024-10-28,0,0,0
72,2024-11-04,0,1,1
72,2024-11-11,0,1,1
72,2024-11-18,0,0,0
72,2024-11-25,0,1,1
72,2024-12-02,0,0,2
72,2024-12-09,0,1,1
72,2024-12-16,0,1,1
73,2024-09-02,9,3,0
73,2024-09-09,7,3,0
73,2024-09-16,9,2,0
73,2024-09-23,12,2,0
73,2024-09-30,8,2,0
73,2024-10-07,6,3,0
73,2024-10-14,11,1,0
73,2024-10-21,13,1,0
73,2024-10-28,11,1,0
73,2024-11-04,11,1,0
73,2024-11-11,6,3,0
73,2024-11-18,13,2,0
73,2024-11-25,9,0,0
73,2024-12-02,9,1,0
73,2024-12-09,14,2,0
73,2024-12-16,12,2,0
74,2024-09-02,3,3,0
74,2024-09-09,1,0,0
74,2024-09-16,2,1,0
74,2024-09-23,0,2,1
74,2024-09-30,0,2,0
74,2024-10-07,2,1,0
74,2024-10-14,0,1,0
74,2024-10-21,0,1,0
74,2024-10-28,0,3,0
74,2024-11-04,0,0,1
74,2024-11-11,1,0,1
74,2024-11-18,2,1,0
74,2024-11-25,0,1,0
74,2024-12-02,3,0,1
74,2024-12-09,1,1,1
74,2024-12-16,0,1,0
75,2024-09-02,0,1,0
75,2024-09-09,1,2,0
75,2024-09-16,2,1,0
75,2024-09-23,2,2,1
75,2024-09-30,1,1,0
75,2024-10-07,0,1,0
75,2024-10-14,2,1,0
75,2024-10-21,2,1,0
75,2024-10-28,0,1,1
75,2024-11-04,0,1,1
75,2024-11-11,1,0,1
75,2024-11-18,3,0,0
75,2024-11-25,2,1,0
75,2024-12-02,0,1,0
75,2024-12-09,0,1,1
75,2024-12-16,0,2,1
76,2024-09-02,6,2,0
76,2024-09-09,4,2,0
76,2024-09-16,6,2,0
76,2024-09-23,7,2,0
76,2024-09-30,3,2,0
76,2024-10-07,3,1,1
76,2024-10-14,6,1,0
76,2024-10-21,4,2,0
76,2024-10-28,4,2,2
76,2024-11-04,2,0,0
76,2024-11-11,1,0,0
76,2024-11-18,4,1,0
76,2024-11-25,2,1,1
76,2024-12-02,2,1,0
76,2024-12-09,2,0,0
76,2024-12-16,4,3,0
77,2024-09-02,2,1,0
77,2024-09-09,3,0,0
77,2024-09-16,3,2,1
77,2024-09-23,0,1,0
77,2024-09-30,0,0,0
77,2024-10-07,1,2,1
77,2024-10-14,1,1,1
77,2024-10-21,0,1,1
77,2024-10-28,0,0,1
77,2024-11-04,0,0,1
77,2024-11-11,0,0,1
77,2024-11-18,0,0,2
77,2024-11-25,1,2,1
77,2024-12-02,0,0,1
77,2024-12-09,0,2,1
77,2024-12-16,0,0,2
78,2024-09-02,5,0,0
78,2024-09-09,3,1,0
78,2024-09-16,3,2,0
78,2024-09-23,6,1,0
78,2024-09-30,8,3,0
78,2024-10-07,6,2,0
78,2024-10-14,3,1,0
78,2024-10-21,8,2,0
78,2024-10-28,4,2,0
78,2024-11-04,4,2,0
78,2024-11-11,5,1,0
78,2024-11-18,8,3,0
78,2024-11-25,9,2,0
78,2024-12-02,6,4,0
78,2024-12-09,7,1,0
78,2024-12-16,3,2,1
79,2024-09-02,6,1,0
79,2024-09-09,7,1,1
79,2024-09-16,8,2,0
79,2024-09-23,10,2,0
79,2024-09-30,5,0,0
79,2024-10-07,6,0,0
79,2024-10-14,3,1,0
79,2024-10-21,7,1,0
79,2024-10-28,6,1,0
79,2024-11-04,5,2,0
79,2024-11-11,3,3,0
79,2024-11-18,8,2,2
79,2024-11-25,4,2,0
79,2024-12-02,5,1,0
79,2024-12-09,8,0,0
79,2024-12-16,6,2,0
80,2024-09-02,8,2,0
80,2024-09-09,8,1,0
80,2024-09-16,5,3,0
80,2024-09-23,15,2,0
80,2024-09-30,7,4,1
80,2024-10-07,9,2,0
80,2024-10-14,9,1,0
80,2024-10-21,11,2,0
80,2024-10-28,8,1,0
80,2024-11-04,10,2,0
80,2024-11-11,10,2,1
80,2024-11-18,12,1,0
80,2024-11-25,8,2,1
80,2024-12-02,10,0,0
80,2024-12-09,10,2,0
80,2024-12-16,10,1,0
81,2024-09-02,3,1,0
81,2024-09-09,3,2,1
81,2024-09-16,10,2,1
81,2024-09-23,9,2,0
81,2024-09-30,6,2,0
81,2024-10-07,5,1,0
81,2024-10-14,4,1,1
81,2024-10-21,10,3,0
81,2024-10-28,6,2,1
81,2024-11-04,3,0,1
81,2024-11-11,5,1,0
81,2024-11-18,8,0,1
81,2024-11-25,5,1,0
81,2024-12-02,7,2,1
81,2024-12-09,8,1,0
81,2024-12-16,5,1,0
82,2024-09-02,7,0,0
82,2024-09-09,5,2,0
82,2024-09-16,8,3,1
82,2024-09-23,11,2,0
82,2024-09-30,7,2,0
82,2024-10-07,6,1,0
82,2024-10-14,7,2,1
82,2024-10-21,6,1,0
82,2024-10-28,7,2,0
82,2024-11-04,4,1,0
82,2024-11-11,3,1,0
82,2024-11-18,7,3,1
82,2024-11-25,3,1,0
82,2024-12-02,4,2,0
82,2024-12-09,9,0,0
82,2024-12-16,5,2,0
83,2024-09-02,4,1,0
83,2024-09-09,6,2,0
83,2024-09-16,6,0,0
83,2024-09-23,8,3,0
83,2024-09-30,8,2,0
83,2024-10-07,6,2,0
83,2024-10-14,5,1,1
83,2024-10-21,5,2,0
83,2024-10-28,3,2,0
83,2024-11-04,7,2,1
83,2024-11-11,6,1,0
83,2024-11-18,10,1,0
83,2024-11-25,5,0,0
83,2024-12-02,3,2,0
83,2024-12-09,8,3,0
83,2024-12-16,7,2,0
84,2024-09-02,6,1,0
84,2024-09-09,0,1,0
84,2024-09-16,1,1,0
84,2024-09-23,2,0,0
84,2024-09-30,0,2,0
84,2024-10-07,1,2,0
84,2024-10-14,2,1,1
84,2024-10-21,1,0,1
84,2024-10-28,0,0,0
84,2024-11-04,1,2,0
84,2024-11-11,1,1,1
84,2024-11-18,3,1,0
84,2024-11-25,1,1,0
84,2024-12-02,1,0,0
84,2024-12-09,0,2,0
84,2024-12-16,1,1,0
85,2024-09-02,1,2,0
85,2024-09-09,0,2,0
85,2024-09-16,1,2,0
85,2024-09-23,1,1,0
85,2024-09-30,2,1,0
85,2024-10-07,0,1,0
85,2024-10-14,0,0,0
85,2024-10-21,0,2,1
85,2024-10-28,1,1,1
85,2024-11-04,0,1,1
85,2024-11-11,1,1,2
85,2024-11-18,0,0,1
85,2024-11-25,0,0,1
85,2024-12-02,0,0,2
85,2024-12-09,0,2,1
85,2024-12-16,0,0,1
86,2024-09-02,8,2,0
86,2024-09-09,9,2,0
86,2024-09-16,11,0,0
86,2024-09-23,13,2,0
86,2024-09-30,6,2,0
86,2024-10-07,11,1,1
86,2024-10-14,12,1,0
86,2024-10-21,12,2,0
86,2024-10-28,8,3,0
86,2024-11-04,6,2,0
86,2024-11-11,8,4,0
86,2024-11-18,11,2,0
86,2024-11-25,9,2,0
86,2024-12-02,11,2,0
86,2024-12-09,12,3,0
86,2024-12-16,9,1,0
87,2024-09-02,7,1,0
87,2024-09-09,5,2,0
87,2024-09-16,5,2,0
87,2024-09-23,6,2,0
87,2024-09-30,7,2,0
87,2024-10-07,8,1,0
87,2024-10-14,5,3,1
87,2024-10-21,9,2,1
87,2024-10-28,5,1,0
87,2024-11-04,6,2,0
87,2024-11-11,3,2,0
87,2024-11-18,8,3,0
87,2024-11-25,4,1,0
87,2024-12-02,7,1,1
87,2024-12-09,11,1,1
87,2024-12-16,4,2,1
88,2024-09-02,2,1,0
88,2024-09-09,0,1,0
88,2024-09-16,0,1,0
88,2024-09-23,0,1,1
88,2024-09-30,0,1,0
88,2024-10-07,0,1,0
88,2024-10-14,1,2,0
88,2024-10-21,0,0,0
88,2024-10-28,0,0,0
88,2024-11-04,1,0,1
88,2024-11-11,0,0,1
88,2024-11-18,0,0,1
88,2024-11-25,0,1,2
88,2024-12-02,0,0,1
88,2024-12-09,3,1,2
88,2024-12-16,0,0,2
89,2024-09-02,8,0,0
89,2024-09-09,10,1,0
89,2024-09-16,10,1,0
89,2024-09-23,12,1,0
89,2024-09-30,7,3,0
89,2024-10-07,9,1,1
89,2024-10-14,11,2,0
89,2024-10-21,13,1,1
89,2024-10-28,7,2,0
89,2024-11-04,8,2,0
89,2024-11-11,11,1,0
89,2024-11-18,12,2,0
89,2024-11-25,8,0,0
89,2024-12-02,12,2,0
89,2024-12-09,14,2,0
89,2024-12-16,9,1,0
90,2024-09-02,8,2,0
90,2024-09-09,9,2,0
90,2024-09-16,10,2,0
90,2024-09-23,13,2,0
90,2024-09-30,11,2,0
90,2024-10-07,11,1,0
90,2024-10-14,8,1,0
90,2024-10-21,16,1,0
90,2024-10-28,6,2,0
90,2024-11-04,9,1,0
90,2024-11-11,12,0,0
90,2024-11-18,12,2,0
90,2024-11-25,8,2,0
90,2024-12-02,10,0,0
90,2024-12-09,13,1,0
90,2024-12-16,6,2,0
91,2024-09-02,9,1,0
91,2024-09-09,9,1,0
91,2024-09-16,6,2,1
91,2024-09-23,17,2,0
91,2024-09-30,6,3,0
91,2024-10-07,8,3,0
91,2024-10-14,8,2,0
91,2024-10-21,15,1,0
91,2024-10-28,7,2,0
91,2024-11-04,7,1,0
91,2024-11-11,7,1,1
91,2024-11-18,12,1,0
91,2024-11-25,8,2,0
91,2024-12-02,8,1,1
91,2024-12-09,13,3,0
91,2024-12-16,9,3,0
92,2024-09-02,3,2,0
92,2024-09-09,3,1,0
92,2024-09-16,5,2,0
92,2024-09-23,7,1,0
92,2024-09-30,2,1,0
92,2024-10-07,3,1,1
92,2024-10-14,0,1,1
92,2024-10-21,5,2,0
92,2024-10-28,2,0,0
92,2024-11-04,2,1,0
92,2024-11-11,6,3,0
92,2024-11-18,4,0,0
92,2024-11-25,6,1,0
92,2024-12-02,4,2,0
92,2024-12-09,5,2,0
92,2024-12-16,2,2,0
93,2024-09-02,6,0,1
93,2024-09-09,9,2,0
93,2024-09-16,8,1,0
93,2024-09-23,10,1,0
93,2024-09-30,9,1,0
93,2024-10-07,11,2,0
93,2024-10-14,9,1,0
93,2024-10-21,16,2,1
93,2024-10-28,6,1,0
93,2024-11-04,9,3,0
93,2024-11-11,7,1,0
93,2024-11-18,11,2,0
93,2024-11-25,9,0,0
93,2024-12-02,7,3,0
93,2024-12-09,12,2,0
93,2024-12-16,11,1,0
94,2024-09-02,0,1,0
94,2024-09-09,0,2,0
94,2024-09-16,0,2,1
94,2024-09-23,0,0,1
94,2024-09-30,0,1,0
94,2024-10-07,0,0,0
94,2024-10-14,2,0,0
94,2024-10-21,0,2,1
94,2024-10-28,0,0,1
94,2024-11-04,0,1,0
94,2024-11-11,0,0,1
94,2024-11-18,0,1,0
94,2024-11-25,0,0,2
94,2024-12-02,0,0,2
94,2024-12-09,0,1,1
94,2024-12-16,0,0,1
95,2024-09-02,10,2,1
95,2024-09-09,6,0,0
95,2024-09-16,7,1,0
95,2024-09-23,10,3,0
95,2024-09-30,4,1,1
95,2024-10-07,3,0,0
95,2024-10-14,5,2,0
95,2024-10-21,8,0,1
95,2024-10-28,4,1,1
95,2024-11-04,5,1,0
95,2024-11-11,7,1,1
95,2024-11-18,5,2,0
95,2024-11-25,8,2,0
95,2024-12-02,6,2,0
95,2024-12-09,7,1,0
95,2024-12-16,5,2,0
96,2024-09-02,4,1,0
96,2024-09-09,2,1,0
96,2024-09-16,2,1,0
96,2024-09-23,4,1,1
96,2024-09-30,5,2,0
96,2024-10-07,4,1,0
96,2024-10-14,4,1,1
96,2024-10-21,5,2,1
96,2024-10-28,5,0,0
96,2024-11-04,4,2,0
96,2024-11-11,2,2,0
96,2024-11-18,5,3,0
96,2024-11-25,2,1,0
96,2024-12-02,1,1,0
96,2024-12-09,7,2,0
96,2024-12-16,5,1,0
97,2024-09-02,5,3,0
97,2024-09-09,6,3,0
97,2024-09-16,4,0,0
97,2024-09-23,9,3,0
97,2024-09-30,5,2,0
97,2024-10-07,3,4,0
97,2024-10-14,6,2,0
97,2024-10-21,8,1,0
97,2024-10-28,6,1,1
97,2024-11-04,6,2,1
97,2024-11-11,6,2,0
97,2024-11-18,7,2,0
97,2024-11-25,4,3,0
97,2024-12-02,4,3,0
97,2024-12-09,7,2,1
97,2024-12-16,5,4,0
98,2024-09-02,7,2,0
98,2024-09-09,5,1,0
98,2024-09-16,7,2,1
98,2024-09-23,7,1,0
98,2024-09-30,5,2,0
98,2024-10-07,9,2,0
98,2024-10-14,6,1,0
98,2024-10-21,10,2,0
98,2024-10-28,4,1,0
98,2024-11-04,7,0,0
98,2024-11-11,6,0,0
98,2024-11-18,7,1,0
98,2024-11-25,5,1,0
98,2024-12-02,8,3,0
98,2024-12-09,9,1,0
98,2024-12-16,5,2,0
99,2024-09-02,3,1,0
99,2024-09-09,4,2,0
99,2024-09-16,3,2,1
99,2024-09-23,7,1,0
99,2024-09-30,4,1,0
99,2024-10-07,4,2,0
99,2024-10-14,4,1,0
99,2024-10-21,5,1,0
99,2024-10-28,3,1,0
99,2024-11-04,3,3,1
99,2024-11-11,2,1,0
99,2024-11-18,5,3,0
99,2024-11-25,4,2,0
99,2024-12-02,2,0,0
99,2024-12-09,1,2,1
99,2024-12-16,3,0,0
100,2024-09-02,1,1,0
100,2024-09-09,3,1,0
100,2024-09-16,4,3,2
100,2024-09-23,1,4,0
100,2024-09-30,0,2,0
100,2024-10-07,2,0,0
100,2024-10-14,3,1,0
100,2024-10-21,3,2,0
100,2024-10-28,2,1,0
100,2024-11-04,2,0,0
100,2024-11-11,0,1,1
100,2024-11-18,1,0,0
100,2024-11-25,0,0,1
100,2024-12-02,0,2,1
100,2024-12-09,1,1,1
100,2024-12-16,1,1,1
101,2024-09-02,1,2,0
101,2024-09-09,1,1,0
101,2024-09-16,0,2,1
101,2024-09-23,4,0,1
101,2024-09-30,1,2,0
101,2024-10-07,1,2,0
101,2024-10-14,2,2,0
101,2024-10-21,4,1,1
101,2024-10-28,0,3,1
101,2024-11-04,0,0,1
101,2024-11-11,0,1,1
101,2024-11-18,0,2,1
101,2024-11-25,2,1,0
101,2024-12-02,2,1,0
101,2024-12-09,3,2,1
101,2024-12-16,3,1,1
102,2024-09-02,3,3,0
102,2024-09-09,5,1,0
102,2024-09-16,5,1,0
102,2024-09-23,7,3,0
102,2024-09-30,2,1,0
102,2024-10-07,4,1,0
102,2024-10-14,3,0,0
102,2024-10-21,4,1,1
102,2024-10-28,4,1,0
102,2024-11-04,3,2,0
102,2024-11-11,5,1,1
102,2024-11-18,6,1,1
102,2024-11-25,4,1,1
102,2024-12-02,6,1,0
102,2024-12-09,5,2,1
102,2024-12-16,4,1,1
103,2024-09-02,0,2,0
103,2024-09-09,1,1,0
103,2024-09-16,0,2,0
103,2024-09-23,0,3,1
103,2024-09-30,0,1,0
103,2024-10-07,0,0,0
103,2024-10-14,0,1,0
103,2024-10-21,0,1,1
103,2024-10-28,1,1,1
103,2024-11-04,2,0,0
103,2024-11-11,0,2,1
103,2024-11-18,0,0,2
103,2024-11-25,0,1,1
103,2024-12-02,0,0,1
103,2024-12-09,0,0,1
103,2024-12-16,0,0,2
104,2024-09-02,2,1,0
104,2024-09-09,0,2,0
104,2024-09-16,0,2,0
104,2024-09-23,2,2,1
104,2024-09-30,1,1,1
104,2024-10-07,2,1,0
104,2024-10-14,0,1,0
104,2024-10-21,4,1,1
104,2024-10-28,0,2,0
104,2024-11-04,2,0,1
104,2024-11-11,0,1,1
104,2024-11-18,1,0,1
104,2024-11-25,0,1,1
104,2024-12-02,4,2,1
104,2024-12-09,2,1,0
104,2024-12-16,0,0,0
105,2024-09-02,0,0,0
105,2024-09-09,3,2,0
105,2024-09-16,0,0,0
105,2024-09-23,0,1,0
105,2024-09-30,0,2,0
105,2024-10-07,1,2,0
105,2024-10-14,2,1,0
105,2024-10-21,3,2,0
105,2024-10-28,0,1,0
105,2024-11-04,1,1,1
105,2024-11-11,0,1,0
105,2024-11-18,2,0,1
105,2024-11-25,0,0,0
105,2024-12-02,0,2,1
105,2024-12-09,2,2,1
105,2024-12-16,0,1,0
106,2024-09-02,8,0,0
106,2024-09-09,8,2,0
106,2024-09-16,9,1,0
106,2024-09-23,14,2,0
106,2024-09-30,6,4,1
106,2024-10-07,10,1,0
106,2024-10-14,8,3,0
106,2024-10-21,12,1,1
106,2024-10-28,11,3,0
106,2024-11-04,8,0,0
106,2024-11-11,9,2,0
106,2024-11-18,11,2,0
106,2024-11-25,10,2,0
106,2024-12-02,8,2,0
106,2024-12-09,13,2,0
106,2024-12-16,12,3,0
107,2024-09-02,3,2,0
107,2024-09-09,7,1,0
107,2024-09-16,9,0,0
107,2024-09-23,14,2,0
107,2024-09-30,7,1,0
107,2024-10-07,9,3,0
107,2024-10-14,8,0,0
107,2024-10-21,15,2,0
107,2024-10-28,10,1,0
107,2024-11-04,12,1,0
107,2024-11-11,9,0,0
107,2024-11-18,12,2,0
107,2024-11-25,10,1,1
107,2024-12-02,7,2,0
107,2024-12-09,13,3,0
107,2024-12-16,7,2,0
108,2024-09-02,11,2,0
108,2024-09-09,4,0,0
108,2024-09-16,6,3,1
108,2024-09-23,9,1,0
108,2024-09-30,5,3,0
108,2024-10-07,5,0,0
108,2024-10-14,7,1,0
108,2024-10-21,10,0,1
108,2024-10-28,5,1,0
108,2024-11-04,6,3,0
108,2024-11-11,4,2,0
108,2024-11-18,11,2,0
108,2024-11-25,4,2,0
108,2024-12-02,4,1,0
108,2024-12-09,8,3,0
108,2024-12-16,9,2,1
109,2024-09-02,6,2,0
109,2024-09-09,5,3,0
109,2024-09-16,2,2,0
109,2024-09-23,7,0,1
109,2024-09-30,2,1,0
109,2024-10-07,7,2,0
109,2024-10-14,5,2,0
109,2024-10-21,6,1,0
109,2024-10-28,0,0,1
109,2024-11-04,6,1,1
109,2024-11-11,3,1,0
109,2024-11-18,5,1,1
109,2024-11-25,3,2,1
109,2024-12-02,4,0,0
109,2024-12-09,5,1,0
109,2024-12-16,3,3,0
110,2024-09-02,3,2,0
110,2024-09-09,6,2,1
110,2024-09-16,3,1,0
110,2024-09-23,10,3,0
110,2024-09-30,5,1,0
110,2024-10-07,5,2,0
110,2024-10-14,4,1,0
110,2024-10-21,9,2,0
110,2024-10-28,8,2,0
110,2024-11-04,4,2,0
110,2024-11-11,5,1,0
110,2024-11-18,7,2,0
110,2024-11-25,6,2,0
110,2024-12-02,7,2,0
110,2024-12-09,11,2,0
110,2024-12-16,4,2,0
111,2024-09-02,8,1,0
111,2024-09-09,7,2,0
111,2024-09-16,7,1,0
111,2024-09-23,10,2,0
111,2024-09-30,8,0,1
111,2024-10-07,3,1,0
111,2024-10-14,5,2,0
111,2024-10-21,9,1,0
111,2024-10-28,5,2,0
111,2024-11-04,5,2,0
111,2024-11-11,5,1,0
111,2024-11-18,8,2,0
111,2024-11-25,3,1,0
111,2024-12-02,5,1,0
111,2024-12-09,8,2,0
111,2024-12-16,6,1,0
112,2024-09-02,0,3,0
112,2024-09-09,0,2,0
112,2024-09-16,2,3,0
112,2024-09-23,3,0,0
112,2024-09-30,0,1,0
112,2024-10-07,2,2,0
112,2024-10-14,0,2,0
112,2024-10-21,0,2,0
112,2024-10-28,2,1,1
112,2024-11-04,3,0,0
112,2024-11-11,0,2,0
112,2024-11-18,1,1,0
112,2024-11-25,1,0,2
112,2024-12-02,0,1,1
112,2024-12-09,4,0,2
112,2024-12-16,1,1,0
113,2024-09-02,2,1,1
113,2024-09-09,0,1,0
113,2024-09-16,0,2,0
113,2024-09-23,4,0,1
113,2024-09-30,5,1,1
113,2024-10-07,1,0,0
113,2024-10-14,2,1,0
113,2024-10-21,3,1,1
113,2024-10-28,1,1,0
113,2024-11-04,1,0,1
113,2024-11-11,0,2,0
113,2024-11-18,2,1,0
113,2024-11-25,0,0,0
113,2024-12-02,1,2,0
113,2024-12-09,0,0,1
113,2024-12-16,2,2,1
114,2024-09-02,1,3,0
114,2024-09-09,1,1,0
114,2024-09-16,0,1,0
114,2024-09-23,3,1,1
114,2024-09-30,0,1,0
114,2024-10-07,0,1,0
114,2024-10-14,1,1,0
114,2024-10-21,3,1,1
114,2024-10-28,0,1,1
114,2024-11-04,0,0,1
114,2024-11-11,0,1,1
114,2024-11-18,0,0,1
114,2024-11-25,0,1,1
114,2024-12-02,0,0,1
114,2024-12-09,0,1,1
114,2024-12-16,0,0,2
115,2024-09-02,5,2,1
115,2024-09-09,2,1,0
115,2024-09-16,8,0,1
115,2024-09-23,9,1,0
115,2024-09-30,5,2,0
115,2024-10-07,6,1,0
115,2024-10-14,9,2,0
115,2024-10-21,10,0,1
115,2024-10-28,2,1,0
115,2024-11-04,6,2,0
115,2024-11-11,5,1,0
115,2024-11-18,10,2,1
115,2024-11-25,4,2,0
115,2024-12-02,7,2,0
115,2024-12-09,8,2,0
115,2024-12-16,4,0,0
116,2024-09-02,6,2,0
116,2024-09-09,2,3,0
116,2024-09-16,4,1,1
116,2024-09-23,4,2,0
116,2024-09-30,4,0,0
116,2024-10-07,3,2,0
116,2024-10-14,2,2,0
116,2024-10-21,5,2,0
116,2024-10-28,3,3,0
116,2024-11-04,3,3,0
116,2024-11-11,4,3,0
116,2024-11-18,6,1,0
116,2024-11-25,4,2,1
116,2024-12-02,5,1,1
116,2024-12-09,4,2,0
116,2024-12-16,4,2,0
117,2024-09-02,4,2,0
117,2024-09-09,7,2,0
117,2024-09-16,4,3,1
117,2024-09-23,9,2,0
117,2024-09-30,6,1,0
117,2024-10-07,7,3,0
117,2024-10-14,5,1,1
117,2024-10-21,8,0,0
117,2024-10-28,8,2,0
117,2024-11-04,6,3,0
117,2024-11-11,5,1,0
117,2024-11-18,8,2,0
117,2024-11-25,6,2,0
117,2024-12-02,4,1,0
117,2024-12-09,9,2,0
117,2024-12-16,5,4,0
118,2024-09-02,9,1,0
118,2024-09-09,8,2,0
118,2024-09-16,6,1,0
118,2024-09-23,13,3,0
118,2024-09-30,7,3,0
118,2024-10-07,10,3,0
118,2024-10-14,8,1,0
118,2024-10-21,13,2,0
118,2024-10-28,10,1,0
118,2024-11-04,11,1,0
118,2024-11-11,9,3,0
118,2024-11-18,11,1,0
118,2024-11-25,9,1,0
118,2024-12-02,9,2,0
118,2024-12-09,13,3,0
118,2024-12-16,10,3,0
119,2024-09-02,8,2,1
119,2024-09-09,8,1,0
119,2024-09-16,10,1,0
119,2024-09-23,13,2,0
119,2024-09-30,10,1,0
119,2024-10-07,8,2,0
119,2024-10-14,7,0,0
119,2024-10-21,14,3,1
119,2024-10-28,7,1,0
119,2024-11-04,10,2,0
119,2024-11-11,7,2,0
119,2024-11-18,14,2,0
119,2024-11-25,9,2,0
119,2024-12-02,9,1,0
119,2024-12-09,14,2,0
119,2024-12-16,11,2,0
120,2024-09-02,7,0,0
120,2024-09-09,6,2,0
120,2024-09-16,5,1,0
120,2024-09-23,10,2,0
120,2024-09-30,5,0,1
120,2024-10-07,6,1,0
120,2024-10-14,5,1,0
120,2024-10-21,7,1,0
120,2024-10-28,5,2,1
120,2024-11-04,4,0,0
120,2024-11-11,5,1,0
120,2024-11-18,9,0,0
120,2024-11-25,6,2,0
120,2024-12-02,3,2,1
120,2024-12-09,9,1,0
120,2024-12-16,3,2,0
121,2024-09-02,3,1,0
121,2024-09-09,5,1,0
121,2024-09-16,6,1,0
121,2024-09-23,8,2,0
121,2024-09-30,8,2,0
121,2024-10-07,5,1,0
121,2024-10-14,5,2,0
121,2024-10-21,7,1,1
121,2024-10-28,6,2,0
121,2024-11-04,6,1,0
121,2024-11-11,4,2,0
121,2024-11-18,7,2,0
121,2024-11-25,6,2,0
121,2024-12-02,4,1,0
121,2024-12-09,8,2,1
121,2024-12-16,5,0,0
122,2024-09-02,4,2,0
122,2024-09-09,1,1,0
122,2024-09-16,0,1,0
122,2024-09-23,2,1,0
122,2024-09-30,1,1,1
122,2024-10-07,1,0,1
122,2024-10-14,2,1,1
122,2024-10-21,5,1,1
122,2024-10-28,0,1,0
122,2024-11-04,1,1,1
122,2024-11-11,1,0,0
122,2024-11-18,1,1,1
122,2024-11-25,0,1,1
122,2024-12-02,0,1,1
122,2024-12-09,1,1,1
122,2024-12-16,0,0,1
123,2024-09-02,9,3,0
123,2024-09-09,11,1,1
123,2024-09-16,10,1,0
123,2024-09-23,13,2,0
123,2024-09-30,8,3,0
123,2024-10-07,10,1,1
123,2024-10-14,8,1,1
123,2024-10-21,12,3,0
123,2024-10-28,8,0,0
123,2024-11-04,9,2,1
123,2024-11-11,8,2,0
123,2024-11-18,15,2,0
123,2024-11-25,8,1,0
123,2024-12-02,10,2,0
123,2024-12-09,14,1,0
123,2024-12-16,9,1,0
124,2024-09-02,0,1,0
124,2024-09-09,2,2,1
124,2024-09-16,0,2,0
124,2024-09-23,3,1,1
124,2024-09-30,2,1,0
124,2024-10-07,1,2,0
124,2024-10-14,1,2,0
124,2024-10-21,4,2,0
124,2024-10-28,1,1,1
124,2024-11-04,0,1,0
124,2024-11-11,2,1,0
124,2024-11-18,3,1,0
124,2024-11-25,0,1,0
124,2024-12-02,0,1,1
124,2024-12-09,0,2,1
124,2024-12-16,0,1,0
125,2024-09-02,4,1,0
125,2024-09-09,4,3,0
125,2024-09-16,5,1,0
125,2024-09-23,8,3,1
125,2024-09-30,3,1,0
125,2024-10-07,1,1,1
125,2024-10-14,3,2,1
125,2024-10-21,5,3,1
125,2024-10-28,3,1,0
125,2024-11-04,3,0,1
125,2024-11-11,5,1,0
125,2024-11-18,3,1,0
125,2024-11-25,3,2,1
125,2024-12-02,5,0,0
125,2024-12-09,6,2,1
125,2024-12-16,4,3,1
126,2024-09-02,7,1,0
126,2024-09-09,7,3,0
126,2024-09-16,5,3,0
126,2024-09-23,6,2,0
126,2024-09-30,6,2,0
126,2024-10-07,4,2,0
126,2024-10-14,7,3,0
126,2024-10-21,9,0,0
126,2024-10-28,5,2,0
126,2024-11-04,7,1,0
126,2024-11-11,6,1,0
126,2024-11-18,6,1,0
126,2024-11-25,5,2,0
126,2024-12-02,6,2,0
126,2024-12-09,8,1,0
126,2024-12-16,6,3,1
127,2024-09-02,5,1,0
127,2024-09-09,7,2,0
127,2024-09-16,4,1,0
127,2024-09-23,9,1,0
127,2024-09-30,6,1,1
127,2024-10-07,5,3,0
127,2024-10-14,4,1,0
127,2024-10-21,8,1,0
127,2024-10-28,5,1,0
127,2024-11-04,6,1,1
127,2024-11-11,4,0,0
127,2024-11-18,9,1,0
127,2024-11-25,8,3,0
127,2024-12-02,5,3,0
127,2024-12-09,8,1,0
127,2024-12-16,3,2,0
128,2024-09-02,6,2,0
128,2024-09-09,4,2,0
128,2024-09-16,5,2,1
128,2024-09-23,9,1,0
128,2024-09-30,6,1,0
128,2024-10-07,3,0,0
128,2024-10-14,5,1,0
128,2024-10-21,9,1,0
128,2024-10-28,6,1,1
128,2024-11-04,4,2,0
128,2024-11-11,4,1,0
128,2024-11-18,8,1,0
128,2024-11-25,5,1,0
128,2024-12-02,4,3,0
128,2024-12-09,7,3,0
128,2024-12-16,4,2,0
129,2024-09-02,2,1,1
129,2024-09-09,3,0,1
129,2024-09-16,4,1,0
129,2024-09-23,6,1,0
129,2024-09-30,6,1,1
129,2024-10-07,5,1,1
129,2024-10-14,2,0,0
129,2024-10-21,6,1,0
129,2024-10-28,5,1,0
129,2024-11-04,4,1,0
129,2024-11-11,4,2,0
129,2024-11-18,6,1,0
129,2024-11-25,1,2,1
129,2024-12-02,2,1,0
129,2024-12-09,5,0,0
129,2024-12-16,4,2,0
130,2024-09-02,7,2,0
130,2024-09-09,6,2,1
130,2024-09-16,8,1,1
130,2024-09-23,8,1,0
130,2024-09-30,5,1,0
130,2024-10-07,4,1,0
130,2024-10-14,6,0,0
130,2024-10-21,9,1,1
130,2024-10-28,6,2,1
130,2024-11-04,5,1,0
130,2024-11-11,6,1,1
130,2024-11-18,8,2,0
130,2024-11-25,4,2,1
130,2024-12-02,6,2,0
130,2024-12-09,9,2,0
130,2024-12-16,5,2,0
131,2024-09-02,7,2,0
131,2024-09-09,9,2,0
131,2024-09-16,8,2,1
131,2024-09-23,15,1,0
131,2024-09-30,10,0,0
131,2024-10-07,11,2,0
131,2024-10-14,6,1,0
131,2024-10-21,14,1,0
131,2024-10-28,6,3,0
131,2024-11-04,9,2,0
131,2024-11-11,7,1,0
131,2024-11-18,14,1,1
131,2024-11-25,10,2,0
131,2024-12-02,11,1,0
131,2024-12-09,13,2,0
131,2024-12-16,8,1,0
132,2024-09-02,10,1,0
132,2024-09-09,8,2,1
132,2024-09-16,7,1,0
132,2024-09-23,15,1,0
132,2024-09-30,9,1,0
132,2024-10-07,7,3,0
132,2024-10-14,9,1,0
132,2024-10-21,14,2,0
132,2024-10-28,10,2,0
132,2024-11-04,8,0,1
132,2024-11-11,10,1,0
132,2024-11-18,12,3,0
132,2024-11-25,9,1,0
132,2024-12-02,9,0,0
132,2024-12-09,12,2,1
132,2024-12-16,6,1,0
133,2024-09-02,3,2,0
133,2024-09-09,4,1,0
133,2024-09-16,5,1,0
133,2024-09-23,5,2,0
133,2024-09-30,4,1,0
133,2024-10-07,4,2,0
133,2024-10-14,5,0,0
133,2024-10-21,5,2,1
133,2024-10-28,0,1,0
133,2024-11-04,3,2,1
133,2024-11-11,3,2,0
133,2024-11-18,4,0,0
133,2024-11-25,1,2,0
133,2024-12-02,5,1,0
133,2024-12-09,5,1,0
133,2024-12-16,4,0,0
134,2024-09-02,2,2,0
134,2024-09-09,3,1,1
134,2024-09-16,0,0,1
134,2024-09-23,2,1,1
134,2024-09-30,0,2,0
134,2024-10-07,0,2,0
134,2024-10-14,0,0,1
134,2024-10-21,1,1,0
134,2024-10-28,1,2,1
134,2024-11-04,2,0,0
134,2024-11-11,0,1,1
134,2024-11-18,0,1,2
134,2024-11-25,0,0,2
134,2024-12-02,0,0,2
134,2024-12-09,0,0,1
134,2024-12-16,0,1,1
135,2024-09-02,8,1,0
135,2024-09-09,7,1,0
135,2024-09-16,6,2,0
135,2024-09-23,8,1,1
135,2024-09-30,3,2,0
135,2024-10-07,5,1,0
135,2024-10-14,6,3,0
135,2024-10-21,9,1,0
135,2024-10-28,9,1,0
135,2024-11-04,5,1,0
135,2024-11-11,6,1,0
135,2024-11-18,10,1,0
135,2024-11-25,8,0,0
135,2024-12-02,6,2,0
135,2024-12-09,9,2,0
135,2024-12-16,7,2,0
136,2024-09-02,3,2,0
136,2024-09-09,1,1,0
136,2024-09-16,2,1,0
136,2024-09-23,4,2,0
136,2024-09-30,2,3,0
136,2024-10-07,2,0,0
136,2024-10-14,1,2,0
136,2024-10-21,0,1,1
136,2024-10-28,2,0,1
136,2024-11-04,0,1,0
136,2024-11-11,1,2,0
136,2024-11-18,0,1,2
136,2024-11-25,0,3,2
136,2024-12-02,0,1,0
136,2024-12-09,1,0,1
136,2024-12-16,2,0,1
137,2024-09-02,1,2,0
137,2024-09-09,4,1,0
137,2024-09-16,4,1,0
137,2024-09-23,6,2,0
137,2024-09-30,4,3,0
137,2024-10-07,5,2,0
137,2024-10-14,5,1,0
137,2024-10-21,6,1,0
137,2024-10-28,2,2,0
137,2024-11-04,3,1,0
137,2024-11-11,3,2,0
137,2024-11-18,3,2,1
137,2024-11-25,2,3,0
137,2024-12-02,3,1,0
137,2024-12-09,6,1,0
137,2024-12-16,4,0,0
138,2024-09-02,0,2,0
138,2024-09-09,0,3,0
138,2024-09-16,0,1,0
138,2024-09-23,1,2,0
138,2024-09-30,0,1,1
138,2024-10-07,0,1,0
138,2024-10-14,2,2,0
138,2024-10-21,0,0,1
138,2024-10-28,0,0,1
138,2024-11-04,0,1,0
138,2024-11-11,0,0,1
138,2024-11-18,0,1,1
138,2024-11-25,0,0,1
138,2024-12-02,0,0,1
138,2024-12-09,0,1,2
138,2024-12-16,0,1,1
139,2024-09-02,2,1,0
139,2024-09-09,2,1,0
139,2024-09-16,0,2,0
139,2024-09-23,3,1,0
139,2024-09-30,0,2,0
139,2024-10-07,1,0,0
139,2024-10-14,0,2,1
139,2024-10-21,1,1,0
139,2024-10-28,0,0,0
139,2024-11-04,1,1,0
139,2024-11-11,2,1,1
139,2024-11-18,0,0,1
139,2024-11-25,0,1,0
139,2024-12-02,3,1,1
139,2024-12-09,2,1,0
139,2024-12-16,2,0,1
140,2024-09-02,1,2,0
140,2024-09-09,6,0,0
140,2024-09-16,5,2,0
140,2024-09-23,4,1,1
140,2024-09-30,3,2,0
140,2024-10-07,2,2,0
140,2024-10-14,7,1,1
140,2024-10-21,3,1,1
140,2024-10-28,0,1,0
140,2024-11-04,2,2,1
140,2024-11-11,3,1,0
140,2024-11-18,5,0,1
140,2024-11-25,3,2,0
140,2024-12-02,2,1,0
140,2024-12-09,2,1,1
140,2024-12-16,2,0,0
141,2024-09-02,3,1,1
141,2024-09-09,5,2,1
141,2024-09-16,2,0,0
141,2024-09-23,7,1,0
141,2024-09-30,3,1,0
141,2024-10-07,4,1,0
141,2024-10-14,2,1,0
141,2024-10-21,4,1,0
141,2024-10-28,2,1,0
141,2024-11-04,6,2,0
141,2024-11-11,4,0,0
141,2024-11-18,5,2,0
141,2024-11-25,4,1,0
141,2024-12-02,1,1,1
141,2024-12-09,5,1,1
141,2024-12-16,1,0,1
142,2024-09-02,2,1,0
142,2024-09-09,2,2,0
142,2024-09-16,1,1,0
142,2024-09-23,1,2,1
142,2024-09-30,1,1,0
142,2024-10-07,0,1,0
142,2024-10-14,3,2,1
142,2024-10-21,2,0,0
142,2024-10-28,2,0,1
142,2024-11-04,4,2,1
142,2024-11-11,1,2,0
142,2024-11-18,3,1,1
142,2024-11-25,2,0,1
142,2024-12-02,0,0,1
142,2024-12-09,0,2,1
142,2024-12-16,0,0,1
143,2024-09-02,7,2,0
143,2024-09-09,4,2,0
143,2024-09-16,6,2,0
143,2024-09-23,10,0,0
143,2024-09-30,5,3,1
143,2024-10-07,8,1,0
143,2024-10-14,2,1,0
143,2024-10-21,10,2,0
143,2024-10-28,4,1,0
143,2024-11-04,7,2,0
143,2024-11-11,6,2,0
143,2024-11-18,7,2,0
143,2024-11-25,8,2,0
143,2024-12-02,5,2,0
143,2024-12-09,7,2,0
143,2024-12-16,6,3,0
144,2024-09-02,8,1,0
144,2024-09-09,3,1,0
144,2024-09-16,6,2,0
144,2024-09-23,8,1,0
144,2024-09-30,4,1,1
144,2024-10-07,6,2,0
144,2024-10-14,7,3,0
144,2024-10-21,7,2,0
144,2024-10-28,4,1,0
144,2024-11-04,6,2,0
144,2024-11-11,7,1,0
144,2024-11-18,10,2,0
144,2024-11-25,4,1,0
144,2024-12-02,6,1,0
144,2024-12-09,7,3,1
144,2024-12-16,6,3,0
145,2024-09-02,10,3,0
145,2024-09-09,8,0,0
145,2024-09-16,10,2,0
145,2024-09-23,12,0,0
145,2024-09-30,8,1,0
145,2024-10-07,12,2,0
145,2024-10-14,8,2,0
145,2024-10-21,13,2,0
145,2024-10-28,9,2,0
145,2024-11-04,10,1,0
145,2024-11-11,7,2,0
145,2024-11-18,11,2,0
145,2024-11-25,9,2,0
145,2024-12-02,11,0,0
145,2024-12-09,13,2,0
145,2024-12-16,8,1,0
146,2024-09-02,3,2,0
146,2024-09-09,1,1,0
146,2024-09-16,2,1,1
146,2024-09-23,0,2,1
146,2024-09-30,2,1,0
146,2024-10-07,0,2,1
146,2024-10-14,0,0,0
146,2024-10-21,0,1,1
146,2024-10-28,2,1,0
146,2024-11-04,0,2,1
146,2024-11-11,0,0,0
146,2024-11-18,1,1,0
146,2024-11-25,0,2,0
146,2024-12-02,3,0,1
146,2024-12-09,1,1,1
146,2024-12-16,1,0,0
147,2024-09-02,5,1,0
147,2024-09-09,0,1,0
147,2024-09-16,2,0,0
147,2024-09-23,0,2,0
147,2024-09-30,0,1,0
147,2024-10-07,0,0,0
147,2024-10-14,2,0,0
147,2024-10-21,3,1,0
147,2024-10-28,1,2,0
147,2024-11-04,0,0,0
147,2024-11-11,1,0,0
147,2024-11-18,0,1,1
147,2024-11-25,0,0,1
147,2024-12-02,2,0,1
147,2024-12-09,2,1,0
147,2024-12-16,1,2,1
148,2024-09-02,7,1,1
148,2024-09-09,10,2,0
148,2024-09-16,8,1,0
148,2024-09-23,14,3,1
148,2024-09-30,6,2,0
148,2024-10-07,9,1,1
148,2024-10-14,7,1,0
148,2024-10-21,16,1,0
148,2024-10-28,10,2,0
148,2024-11-04,9,2,0
148,2024-11-11,11,2,0
148,2024-11-18,13,2,0
148,2024-11-25,9,3,1
148,2024-12-02,6,2,0
148,2024-12-09,13,2,0
148,2024-12-16,9,0,0
149,2024-09-02,5,0,1
149,2024-09-09,4,3,0
149,2024-09-16,0,2,1
149,2024-09-23,7,1,0
149,2024-09-30,3,1,1
149,2024-10-07,2,1,0
149,2024-10-14,1,2,1
149,2024-10-21,5,0,1
149,2024-10-28,6,1,0
149,2024-11-04,4,3,0
149,2024-11-11,1,2,1
149,2024-11-18,5,1,1
149,2024-11-25,4,1,0
149,2024-12-02,1,2,0
149,2024-12-09,4,1,0
149,2024-12-16,4,2,0
150,2024-09-02,7,2,0
150,2024-09-09,5,1,0
150,2024-09-16,5,1,1
150,2024-09-23,10,1,0
150,2024-09-30,6,2,0
150,2024-10-07,7,2,0
150,2024-10-14,7,2,0
150,2024-10-21,9,1,0
150,2024-10-28,5,1,0
150,2024-11-04,3,1,0
150,2024-11-11,6,1,0
150,2024-11-18,11,2,0
150,2024-11-25,8,1,1
150,2024-12-02,4,2,0
150,2024-12-09,9,2,0
150,2024-12-16,7,2,0
151,2024-09-02,8,2,0
151,2024-09-09,10,2,0
151,2024-09-16,10,3,0
151,2024-09-23,14,2,0
151,2024-09-30,9,0,0
151,2024-10-07,9,2,1
151,2024-10-14,7,1,1
151,2024-10-21,13,2,0
151,2024-10-28,7,3,0
151,2024-11-04,7,1,0
151,2024-11-11,8,1,0
151,2024-11-18,12,2,1
151,2024-11-25,10,1,0
151,2024-12-02,6,1,0
151,2024-12-09,14,4,0
151,2024-12-16,6,1,0
152,2024-09-02,1,1,0
152,2024-09-09,0,1,0
152,2024-09-16,0,2,0
152,2024-09-23,3,1,0
152,2024-09-30,0,1,0
152,2024-10-07,0,2,1
152,2024-10-14,0,1,2
152,2024-10-21,1,0,1
152,2024-10-28,0,1,0
152,2024-11-04,0,2,1
152,2024-11-11,0,2,1
152,2024-11-18,0,1,1
152,2024-11-25,0,2,1
152,2024-12-02,0,0,1
152,2024-12-09,0,0,1
152,2024-12-16,0,0,1
153,2024-09-02,7,2,0
153,2024-09-09,6,1,0
153,2024-09-16,6,1,1
153,2024-09-23,9,2,0
153,2024-09-30,7,2,0
153,2024-10-07,5,1,0
153,2024-10-14,5,1,1
153,2024-10-21,7,1,1
153,2024-10-28,6,1,0
153,2024-11-04,6,0,0
153,2024-11-11,8,1,0
153,2024-11-18,8,1,0
153,2024-11-25,6,2,0
153,2024-12-02,4,1,0
153,2024-12-09,9,1,0
153,2024-12-16,7,1,0
154,2024-09-02,8,4,0
154,2024-09-09,11,0,0
154,2024-09-16,7,1,0
154,2024-09-23,12,1,1
154,2024-09-30,10,2,0
154,2024-10-07,9,1,0
154,2024-10-14,9,1,0
154,2024-10-21,15,3,0
154,2024-10-28,10,1,0
154,2024-11-04,10,2,0
154,2024-11-11,8,2,0
154,2024-11-18,12,1,0
154,2024-11-25,7,1,0
154,2024-12-02,8,0,0
154,2024-12-09,15,2,1
154,2024-12-16,11,2,0
155,2024-09-02,4,2,0
155,2024-09-09,1,2,0
155,2024-09-16,2,1,0
155,2024-09-23,3,2,1
155,2024-09-30,2,2,0
155,2024-10-07,6,1,0
155,2024-10-14,0,1,0
155,2024-10-21,5,1,0
155,2024-10-28,5,1,1
155,2024-11-04,2,1,1
155,2024-11-11,1,0,1
155,2024-11-18,3,0,1
155,2024-11-25,1,1,0
155,2024-12-02,0,1,0
155,2024-12-09,6,2,0
155,2024-12-16,4,1,0
156,2024-09-02,0,0,1
156,2024-09-09,0,2,0
156,2024-09-16,1,2,0
156,2024-09-23,3,1,0
156,2024-09-30,5,0,1
156,2024-10-07,2,1,1
156,2024-10-14,0,1,0
156,2024-10-21,2,0,1
156,2024-10-28,0,1,1
156,2024-11-04,0,0,2
156,2024-11-11,0,0,0
156,2024-11-18,0,2,1
156,2024-11-25,1,1,0
156,2024-12-02,0,1,1
156,2024-12-09,2,1,1
156,2024-12-16,1,1,1
157,2024-09-02,10,1,0
157,2024-09-09,7,2,0
157,2024-09-16,9,1,1
157,2024-09-23,12,1,1
157,2024-09-30,11,1,0
157,2024-10-07,9,2,0
157,2024-10-14,10,0,0
157,2024-10-21,14,2,1
157,2024-10-28,10,1,1
157,2024-11-04,8,2,1
157,2024-11-11,10,2,0
157,2024-11-18,11,2,0
157,2024-11-25,7,1,0
157,2024-12-02,9,2,0
157,2024-12-09,15,1,0
157,2024-12-16,9,3,0
158,2024-09-02,3,0,0
158,2024-09-09,4,1,0
158,2024-09-16,2,3,1
158,2024-09-23,4,2,0
158,2024-09-30,5,2,1
158,2024-10-07,1,2,0
158,2024-10-14,5,2,0
158,2024-10-21,4,2,0
158,2024-10-28,2,1,0
158,2024-11-04,2,2,0
158,2024-11-11,2,2,0
158,2024-11-18,5,1,1
158,2024-11-25,1,1,0
158,2024-12-02,3,2,0
158,2024-12-09,4,2,1
158,2024-12-16,3,2,0
159,2024-09-02,6,3,0
159,2024-09-09,0,1,0
159,2024-09-16,3,2,0
159,2024-09-23,4,1,0
159,2024-09-30,3,1,1
159,2024-10-07,6,0,0
159,2024-10-14,3,0,0
159,2024-10-21,6,3,0
159,2024-10-28,3,0,0
159,2024-11-04,3,2,0
159,2024-11-11,2,0,0
159,2024-11-18,3,0,0
159,2024-11-25,2,1,0
159,2024-12-02,0,2,0
159,2024-12-09,4,0,1
159,2024-12-16,3,1,0
160,2024-09-02,11,1,0
160,2024-09-09,7,0,0
160,2024-09-16,9,2,0
160,2024-09-23,11,1,0
160,2024-09-30,8,1,0
160,2024-10-07,7,2,0
160,2024-10-14,8,3,1
160,2024-10-21,14,0,1
160,2024-10-28,10,3,1
160,2024-11-04,11,2,1
160,2024-11-11,12,2,0
160,2024-11-18,13,2,0
160,2024-11-25,7,0,0
160,2024-12-02,10,3,0
160,2024-12-09,15,2,0
160,2024-12-16,8,1,0
161,2024-09-02,9,2,0
161,2024-09-09,8,0,0
161,2024-09-16,9,2,0
161,2024-09-23,14,2,0
161,2024-09-30,10,1,0
161,2024-10-07,9,1,0
161,2024-10-14,8,2,0
161,2024-10-21,13,1,0
161,2024-10-28,9,2,0
161,2024-11-04,11,1,0
161,2024-11-11,6,2,0
161,2024-11-18,13,1,0
161,2024-11-25,8,1,1
161,2024-12-02,9,1,0
161,2024-12-09,16,1,0
161,2024-12-16,8,1,0
162,2024-09-02,2,1,0
162,2024-09-09,4,1,0
162,2024-09-16,5,2,0
162,2024-09-23,4,1,0
162,2024-09-30,3,1,0
162,2024-10-07,2,2,0
162,2024-10-14,5,1,0
162,2024-10-21,3,1,0
162,2024-10-28,3,3,0
162,2024-11-04,2,1,0
162,2024-11-11,5,2,1
162,2024-11-18,6,2,0
162,2024-11-25,4,2,0
162,2024-12-02,2,1,0
162,2024-12-09,4,1,1
162,2024-12-16,5,1,0
163,2024-09-02,7,2,0
163,2024-09-09,6,1,0
163,2024-09-16,5,2,0
163,2024-09-23,7,1,0
163,2024-09-30,4,1,0
163,2024-10-07,6,1,0
163,2024-10-14,4,2,0
163,2024-10-21,7,1,0
163,2024-10-28,3,2,0
163,2024-11-04,5,1,0
163,2024-11-11,4,1,1
163,2024-11-18,6,3,0
163,2024-11-25,6,1,0
163,2024-12-02,5,1,0
163,2024-12-09,8,3,0
163,2024-12-16,6,2,0
164,2024-09-02,2,1,0
164,2024-09-09,1,1,0
164,2024-09-16,1,1,1
164,2024-09-23,2,1,1
164,2024-09-30,0,3,0
164,2024-10-07,1,2,1
164,2024-10-14,0,1,0
164,2024-10-21,0,1,1
164,2024-10-28,0,0,0
164,2024-11-04,0,1,1
164,2024-11-11,0,0,1
164,2024-11-18,0,1,1
164,2024-11-25,1,1,1
164,2024-12-02,0,1,1
164,2024-12-09,0,0,0
164,2024-12-16,0,0,2
165,2024-09-02,3,2,1
165,2024-09-09,1,2,0
165,2024-09-16,1,2,0
165,2024-09-23,2,0,0
165,2024-09-30,2,2,1
165,2024-10-07,1,0,0
165,2024-10-14,3,2,1
165,2024-10-21,1,1,0
165,2024-10-28,1,1,1
165,2024-11-04,0,1,0
165,2024-11-11,2,1,0
165,2024-11-18,0,0,1
165,2024-11-25,1,0,1
165,2024-12-02,2,1,1
165,2024-12-09,1,0,1
165,2024-12-16,0,0,1
166,2024-09-02,0,2,0
166,2024-09-09,0,1,0
166,2024-09-16,0,1,0
166,2024-09-23,0,1,1
166,2024-09-30,0,2,1
166,2024-10-07,0,1,2
166,2024-10-14,2,0,1
166,2024-10-21,0,2,0
166,2024-10-28,0,0,0
166,2024-11-04,0,0,1
166,2024-11-11,0,1,2
166,2024-11-18,0,0,1
166,2024-11-25,0,1,1
166,2024-12-02,0,0,1
166,2024-12-09,0,0,1
166,2024-12-16,0,0,2
167,2024-09-02,7,3,0
167,2024-09-09,5,3,0
167,2024-09-16,6,1,0
167,2024-09-23,11,2,0
167,2024-09-30,5,2,0
167,2024-10-07,6,0,0
167,2024-10-14,6,1,0
167,2024-10-21,7,1,0
167,2024-10-28,7,0,0
167,2024-11-04,5,1,0
167,2024-11-11,4,2,0
167,2024-11-18,8,1,0
167,2024-11-25,6,1,1
167,2024-12-02,7,2,0
167,2024-12-09,9,2,1
167,2024-12-16,7,1,0
168,2024-09-02,0,2,0
168,2024-09-09,1,2,1
168,2024-09-16,0,0,0
168,2024-09-23,0,1,0
168,2024-09-30,0,2,0
168,2024-10-07,2,2,1
168,2024-10-14,0,1,0
168,2024-10-21,1,1,0
168,2024-10-28,0,0,0
168,2024-11-04,0,0,1
168,2024-11-11,0,2,2
168,2024-11-18,0,0,2
168,2024-11-25,2,1,0
168,2024-12-02,0,0,1
168,2024-12-09,0,0,1
168,2024-12-16,0,1,2
169,2024-09-02,6,2,0
169,2024-09-09,6,0,0
169,2024-09-16,7,1,0
169,2024-09-23,7,2,0
169,2024-09-30,7,0,0
169,2024-10-07,5,1,0
169,2024-10-14,5,2,0
169,2024-10-21,11,2,0
169,2024-10-28,7,0,0
169,2024-11-04,5,3,0
169,2024-11-11,6,1,0
169,2024-11-18,11,2,0
169,2024-11-25,7,2,0
169,2024-12-02,7,2,0
169,2024-12-09,9,1,0
169,2024-12-16,5,1,0
170,2024-09-02,7,0,1
170,2024-09-09,8,1,0
170,2024-09-16,6,1,0
170,2024-09-23,8,1,0
170,2024-09-30,4,2,0
170,2024-10-07,6,1,1
170,2024-10-14,5,2,1
170,2024-10-21,8,2,0
170,2024-10-28,7,1,1
170,2024-11-04,5,1,0
170,2024-11-11,5,2,0
170,2024-11-18,9,1,0
170,2024-11-25,5,1,0
170,2024-12-02,3,2,1
170,2024-12-09,9,2,1
170,2024-12-16,7,3,0
171,2024-09-02,7,2,0
171,2024-09-09,10,3,0
171,2024-09-16,9,1,1
171,2024-09-23,13,1,0
171,2024-09-30,8,1,0
171,2024-10-07,7,1,1
171,2024-10-14,10,2,1
171,2024-10-21,16,0,0
171,2024-10-28,7,1,0
171,2024-11-04,8,2,0
171,2024-11-11,8,0,0
171,2024-11-18,12,1,0
171,2024-11-25,8,1,0
171,2024-12-02,7,1,0
171,2024-12-09,13,1,0
171,2024-12-16,9,2,0
172,2024-09-02,9,2,0
172,2024-09-09,11,2,0
172,2024-09-16,9,2,0
172,2024-09-23,12,2,0
172,2024-09-30,9,2,0
172,2024-10-07,7,2,0
172,2024-10-14,14,2,0
172,2024-10-21,12,1,0
172,2024-10-28,9,1,0
172,2024-11-04,11,3,0
172,2024-11-11,7,2,1
172,2024-11-18,15,2,1
172,2024-11-25,9,2,0
172,2024-12-02,9,3,0
172,2024-12-09,12,2,0
172,2024-12-16,10,1,1
173,2024-09-02,2,3,0
173,2024-09-09,1,2,0
173,2024-09-16,2,0,0
173,2024-09-23,7,2,0
173,2024-09-30,4,1,0
173,2024-10-07,1,1,0
173,2024-10-14,5,2,0
173,2024-10-21,5,0,0
173,2024-10-28,4,0,0
173,2024-11-04,2,1,0
173,2024-11-11,3,1,0
173,2024-11-18,4,1,0
173,2024-11-25,4,2,0
173,2024-12-02,5,1,1
173,2024-12-09,4,0,0
173,2024-12-16,3,1,0
174,2024-09-02,5,1,0
174,2024-09-09,7,2,0
174,2024-09-16,5,1,0
174,2024-09-23,8,0,0
174,2024-09-30,5,2,0
174,2024-10-07,6,0,0
174,2024-10-14,3,1,0
174,2024-10-21,10,2,0
174,2024-10-28,5,1,0
174,2024-11-04,6,0,0
174,2024-11-11,5,2,0
174,2024-11-18,6,1,0
174,2024-11-25,3,1,1
174,2024-12-02,6,3,0
174,2024-12-09,7,1,0
174,2024-12-16,6,1,0
175,2024-09-02,10,1,0
175,2024-09-09,6,1,0
175,2024-09-16,7,1,0
175,2024-09-23,8,1,1
175,2024-09-30,7,2,0
175,2024-10-07,4,2,0
175,2024-10-14,5,1,0
175,2024-10-21,8,0,0
175,2024-10-28,5,2,0
175,2024-11-04,6,2,1
175,2024-11-11,7,1,0
175,2024-11-18,8,1,0
175,2024-11-25,6,2,0
175,2024-12-02,7,3,0
175,2024-12-09,10,1,1
175,2024-12-16,7,2,0
176,2024-09-02,2,0,0
176,2024-09-09,6,1,0
176,2024-09-16,5,1,1
176,2024-09-23,1,0,0
176,2024-09-30,2,2,0
176,2024-10-07,4,2,0
176,2024-10-14,1,2,0
176,2024-10-21,3,2,1
176,2024-10-28,6,1,0
176,2024-11-04,5,1,1
176,2024-11-11,4,2,0
176,2024-11-18,7,1,0
176,2024-11-25,5,1,1
176,2024-12-02,3,2,1
176,2024-12-09,6,2,0
176,2024-12-16,0,1,0
177,2024-09-02,6,1,0
177,2024-09-09,8,2,0
177,2024-09-16,6,1,0
177,2024-09-23,7,2,0
177,2024-09-30,5,2,0
177,2024-10-07,6,1,0
177,2024-10-14,7,1,0
177,2024-10-21,9,1,0
177,2024-10-28,6,2,0
177,2024-11-04,4,1,0
177,2024-11-11,6,1,1
177,2024-11-18,10,2,0
177,2024-11-25,3,4,0
177,2024-12-02,5,0,0
177,2024-12-09,7,2,0
177,2024-12-16,4,1,0
178,2024-09-02,2,1,0
178,2024-09-09,7,2,0
178,2024-09-16,3,1,0
178,2024-09-23,7,2,1
178,2024-09-30,3,2,0
178,2024-10-07,2,3,0
178,2024-10-14,2,1,1
178,2024-10-21,8,3,0
178,2024-10-28,7,2,1
178,2024-11-04,3,1,0
178,2024-11-11,3,2,0
178,2024-11-18,5,3,0
178,2024-11-25,4,2,1
178,2024-12-02,3,1,1
178,2024-12-09,7,1,0
178,2024-12-16,5,0,0
179,2024-09-02,8,2,0
179,2024-09-09,5,1,0
179,2024-09-16,8,1,0
179,2024-09-23,7,2,0
179,2024-09-30,5,0,0
179,2024-10-07,6,0,1
179,2024-10-14,2,1,0
179,2024-10-21,8,1,0
179,2024-10-28,4,1,1
179,2024-11-04,6,2,0
179,2024-11-11,7,0,0
179,2024-11-18,10,1,1
179,2024-11-25,8,1,0
179,2024-12-02,4,1,0
179,2024-12-09,9,0,0
179,2024-12-16,6,0,1
180,2024-09-02,2,2,0
180,2024-09-09,2,2,0
180,2024-09-16,4,1,1
180,2024-09-23,3,2,0
180,2024-09-30,2,1,0
180,2024-10-07,4,1,0
180,2024-10-14,0,0,1
180,2024-10-21,1,2,1
180,2024-10-28,0,2,0
180,2024-11-04,4,2,0
180,2024-11-11,0,1,0
180,2024-11-18,4,0,1
180,2024-11-25,0,1,1
180,2024-12-02,0,2,1
180,2024-12-09,2,0,1
180,2024-12-16,0,1,1
181,2024-09-02,0,1,0
181,2024-09-09,3,2,1
181,2024-09-16,2,2,0
181,2024-09-23,3,0,0
181,2024-09-30,1,2,0
181,2024-10-07,0,1,0
181,2024-10-14,0,2,1
181,2024-10-21,3,2,0
181,2024-10-28,0,1,0
181,2024-11-04,0,1,0
181,2024-11-11,0,1,0
181,2024-11-18,2,0,1
181,2024-11-25,3,1,0
181,2024-12-02,2,2,1
181,2024-12-09,3,0,0
181,2024-12-16,0,2,0
182,2024-09-02,5,2,0
182,2024-09-09,5,2,0
182,2024-09-16,3,2,1
182,2024-09-23,10,1,0
182,2024-09-30,5,3,0
182,2024-10-07,7,2,0
182,2024-10-14,6,2,0
182,2024-10-21,6,2,1
182,2024-10-28,4,2,1
182,2024-11-04,5,1,0
182,2024-11-11,5,1,0
182,2024-11-18,6,0,0
182,2024-11-25,5,2,1
182,2024-12-02,6,2,0
182,2024-12-09,10,1,0
182,2024-12-16,5,2,0
183,2024-09-02,2,1,0
183,2024-09-09,6,2,0
183,2024-09-16,5,0,0
183,2024-09-23,10,1,0
183,2024-09-30,6,1,0
183,2024-10-07,8,1,0
183,2024-10-14,5,0,0
183,2024-10-21,9,3,0
183,2024-10-28,6,1,0
183,2024-11-04,3,1,0
183,2024-11-11,6,1,0
183,2024-11-18,8,1,0
183,2024-11-25,6,2,0
183,2024-12-02,5,1,0
183,2024-12-09,8,3,0
183,2024-12-16,5,1,0
184,2024-09-02,5,2,0
184,2024-09-09,7,2,0
184,2024-09-16,2,1,0
184,2024-09-23,12,2,0
184,2024-09-30,4,1,0
184,2024-10-07,4,1,0
184,2024-10-14,4,2,0
184,2024-10-21,10,2,0
184,2024-10-28,7,2,0
184,2024-11-04,5,1,0
184,2024-11-11,9,2,0
184,2024-11-18,7,1,1
184,2024-11-25,5,2,0
184,2024-12-02,6,2,0
184,2024-12-09,8,3,0
184,2024-12-16,7,2,0
185,2024-09-02,5,2,0
185,2024-09-09,0,1,0
185,2024-09-16,3,0,0
185,2024-09-23,0,1,0
185,2024-09-30,3,2,0
185,2024-10-07,3,1,0
185,2024-10-14,0,0,0
185,2024-10-21,2,1,1
185,2024-10-28,1,0,1
185,2024-11-04,0,0,0
185,2024-11-11,0,0,1
185,2024-11-18,0,1,2
185,2024-11-25,0,1,0
185,2024-12-02,0,1,1
185,2024-12-09,1,2,2
185,2024-12-16,3,0,0
186,2024-09-02,5,1,0
186,2024-09-09,4,1,0
186,2024-09-16,5,1,1
186,2024-09-23,6,1,0
186,2024-09-30,6,2,0
186,2024-10-07,5,1,0
186,2024-10-14,5,2,0
186,2024-10-21,10,2,0
186,2024-10-28,6,1,0
186,2024-11-04,6,1,0
186,2024-11-11,6,2,0
186,2024-11-18,9,1,1
186,2024-11-25,3,2,0
186,2024-12-02,4,1,0
186,2024-12-09,10,1,0
186,2024-12-16,2,3,0
187,2024-09-02,6,1,0
187,2024-09-09,7,3,0
187,2024-09-16,6,2,1
187,2024-09-23,8,2,1
187,2024-09-30,7,1,0
187,2024-10-07,6,0,1
187,2024-10-14,5,2,0
187,2024-10-21,7,1,0
187,2024-10-28,7,2,0
187,2024-11-04,5,2,1
187,2024-11-11,7,2,0
187,2024-11-18,6,1,0
187,2024-11-25,5,2,1
187,2024-12-02,7,3,0
187,2024-12-09,7,1,0
187,2024-12-16,8,2,0
188,2024-09-02,10,0,0
188,2024-09-09,7,2,0
188,2024-09-16,10,2,1
188,2024-09-23,12,2,0
188,2024-09-30,6,1,0
188,2024-10-07,10,2,0
188,2024-10-14,8,3,0
188,2024-10-21,13,2,0
188,2024-10-28,8,2,0
188,2024-11-04,10,2,0
188,2024-11-11,7,1,0
188,2024-11-18,13,2,0
188,2024-11-25,10,1,0
188,2024-12-02,10,3,0
188,2024-12-09,16,2,0
188,2024-12-16,9,1,0
189,2024-09-02,5,2,0
189,2024-09-09,7,1,0
189,2024-09-16,6,3,0
189,2024-09-23,10,2,0
189,2024-09-30,5,1,0
189,2024-10-07,5,2,0
189,2024-10-14,7,1,0
189,2024-10-21,10,1,0
189,2024-10-28,5,2,0
189,2024-11-04,6,3,0
189,2024-11-11,4,1,0
189,2024-11-18,9,4,0
189,2024-11-25,2,1,0
189,2024-12-02,5,0,0
189,2024-12-09,6,2,0
189,2024-12-16,6,1,0
190,2024-09-02,6,3,0
190,2024-09-09,5,0,0
190,2024-09-16,6,2,0
190,2024-09-23,10,2,0
190,2024-09-30,5,2,0
190,2024-10-07,6,2,1
190,2024-10-14,4,2,1
190,2024-10-21,10,2,0
190,2024-10-28,7,1,0
190,2024-11-04,5,0,1
190,2024-11-11,7,1,0
190,2024-11-18,8,2,0
190,2024-11-25,6,1,0
190,2024-12-02,6,1,1
190,2024-12-09,6,1,0
190,2024-12-16,4,2,0
191,2024-09-02,0,1,0
191,2024-09-09,1,3,0
191,2024-09-16,3,1,0
191,2024-09-23,2,2,1
191,2024-09-30,3,4,0
191,2024-10-07,0,2,0
191,2024-10-14,2,0,1
191,2024-10-21,3,0,0
191,2024-10-28,2,2,0
191,2024-11-04,2,0,0
191,2024-11-11,2,1,0
191,2024-11-18,2,0,1
191,2024-11-25,0,0,0
191,2024-12-02,0,1,0
191,2024-12-09,1,2,1
191,2024-12-16,0,1,0
192,2024-09-02,9,1,0
192,2024-09-09,7,1,0
192,2024-09-16,6,0,0
192,2024-09-23,8,1,0
192,2024-09-30,7,3,0
192,2024-10-07,7,1,0
192,2024-10-14,4,2,0
192,2024-10-21,8,3,0
192,2024-10-28,4,1,0
192,2024-11-04,7,2,1
192,2024-11-11,8,2,0
192,2024-11-18,7,1,0
192,2024-11-25,8,2,1
192,2024-12-02,5,2,0
192,2024-12-09,6,1,0
192,2024-12-16,6,1,0
193,2024-09-02,5,1,0
193,2024-09-09,6,2,0
193,2024-09-16,2,0,0
193,2024-09-23,9,2,0
193,2024-09-30,5,1,0
193,2024-10-07,7,1,0
193,2024-10-14,6,1,0
193,2024-10-21,6,1,0
193,2024-10-28,2,1,0
193,2024-11-04,6,1,0
193,2024-11-11,5,2,1
193,2024-11-18,10,2,0
193,2024-11-25,7,0,0
193,2024-12-02,6,2,0
193,2024-12-09,9,1,0
193,2024-12-16,4,1,0
194,2024-09-02,2,0,0
194,2024-09-09,3,1,1
194,2024-09-16,0,1,0
194,2024-09-23,2,1,0
194,2024-09-30,0,1,1
194,2024-10-07,4,2,0
194,2024-10-14,0,1,1
194,2024-10-21,2,0,0
194,2024-10-28,2,2,0
194,2024-11-04,2,0,1
194,2024-11-11,2,0,0
194,2024-11-18,0,2,0
194,2024-11-25,1,1,1
194,2024-12-02,0,0,1
194,2024-12-09,3,1,0
194,2024-12-16,0,0,1
195,2024-09-02,1,1,0
195,2024-09-09,2,1,0
195,2024-09-16,3,3,0
195,2024-09-23,3,1,0
195,2024-09-30,2,1,0
195,2024-10-07,2,1,0
195,2024-10-14,0,0,0
195,2024-10-21,5,1,0
195,2024-10-28,1,1,0
195,2024-11-04,3,1,0
195,2024-11-11,0,1,1
195,2024-11-18,1,0,1
195,2024-11-25,0,3,0
195,2024-12-02,0,1,1
195,2024-12-09,1,1,1
195,2024-12-16,1,2,0
196,2024-09-02,6,2,0
196,2024-09-09,8,1,0
196,2024-09-16,6,0,0
196,2024-09-23,8,1,1
196,2024-09-30,4,1,0
196,2024-10-07,8,1,0
196,2024-10-14,7,2,0
196,2024-10-21,6,2,0
196,2024-10-28,7,2,0
196,2024-11-04,4,2,0
196,2024-11-11,4,1,0
196,2024-11-18,10,1,0
196,2024-11-25,3,2,0
196,2024-12-02,6,1,0
196,2024-12-09,8,1,0
196,2024-12-16,9,2,0
197,2024-09-02,6,1,0
197,2024-09-09,5,1,0
197,2024-09-16,4,3,0
197,2024-09-23,9,2,0
197,2024-09-30,6,2,0
197,2024-10-07,3,2,0
197,2024-10-14,4,1,0
197,2024-10-21,7,1,0
197,2024-10-28,5,1,0
197,2024-11-04,6,1,1
197,2024-11-11,6,0,0
197,2024-11-18,9,1,0
197,2024-11-25,6,1,0
197,2024-12-02,3,1,0
197,2024-12-09,8,1,0
197,2024-12-16,5,2,0
198,2024-09-02,3,1,0
198,2024-09-09,6,2,0
198,2024-09-16,7,1,1
198,2024-09-23,8,1,0
198,2024-09-30,6,1,0
198,2024-10-07,8,1,0
198,2024-10-14,8,2,0
198,2024-10-21,9,1,1
198,2024-10-28,4,4,1
198,2024-11-04,4,2,0
198,2024-11-11,7,2,1
198,2024-11-18,8,1,0
198,2024-11-25,7,2,0
198,2024-12-02,7,0,0
198,2024-12-09,9,3,0
198,2024-12-16,8,2,0
199,2024-09-02,3,2,0
199,2024-09-09,1,1,0
199,2024-09-16,0,1,0
199,2024-09-23,1,1,0
199,2024-09-30,0,0,1
199,2024-10-07,0,1,0
199,2024-10-14,0,2,1
199,2024-10-21,1,1,0
199,2024-10-28,0,1,1
199,2024-11-04,0,1,2
199,2024-11-11,0,0,0
199,2024-11-18,1,2,0
199,2024-11-25,1,1,1
199,2024-12-02,0,1,2
199,2024-12-09,0,1,1
199,2024-12-16,0,0,1
200,2024-09-02,8,1,0
200,2024-09-09,8,2,0
200,2024-09-16,8,2,0
200,2024-09-23,13,0,0
200,2024-09-30,10,2,0
200,2024-10-07,9,2,0
200,2024-10-14,10,0,0
200,2024-10-21,15,0,0
200,2024-10-28,10,1,0
200,2024-11-04,9,1,0
200,2024-11-11,8,2,1
200,2024-11-18,13,0,0
200,2024-11-25,8,2,0
200,2024-12-02,8,2,0
200,2024-12-09,12,1,2
200,2024-12-16,10,1,0
201,2024-09-02,0,2,0
201,2024-09-09,0,1,0
201,2024-09-16,3,1,0
201,2024-09-23,0,0,0
201,2024-09-30,1,2,1
201,2024-10-07,0,1,1
201,2024-10-14,0,1,0
201,2024-10-21,3,1,1
201,2024-10-28,0,0,2
201,2024-11-04,0,0,2
201,2024-11-11,0,0,1
201,2024-11-18,0,2,1
201,2024-11-25,0,0,0
201,2024-12-02,1,0,1
201,2024-12-09,0,0,2
201,2024-12-16,0,1,1
202,2024-09-02,5,3,0
202,2024-09-09,4,2,0
202,2024-09-16,3,2,0
202,2024-09-23,6,2,0
202,2024-09-30,4,2,0
202,2024-10-07,4,1,1
202,2024-10-14,0,1,1
202,2024-10-21,3,2,0
202,2024-10-28,3,2,0
202,2024-11-04,0,1,1
202,2024-11-11,4,3,1
202,2024-11-18,5,3,0
202,2024-11-25,2,1,0
202,2024-12-02,5,3,0
202,2024-12-09,5,1,0
202,2024-12-16,0,1,0
203,2024-09-02,3,2,1
203,2024-09-09,3,2,0
203,2024-09-16,4,1,0
203,2024-09-23,6,1,1
203,2024-09-30,5,1,0
203,2024-10-07,4,1,0
203,2024-10-14,4,0,0
203,2024-10-21,4,2,0
203,2024-10-28,3,2,0
203,2024-11-04,2,1,0
203,2024-11-11,4,2,0
203,2024-11-18,3,2,0
203,2024-11-25,6,1,1
203,2024-12-02,1,0,0
203,2024-12-09,7,3,0
203,2024-12-16,2,0,0
204,2024-09-02,10,2,0
204,2024-09-09,6,3,0
204,2024-09-16,9,0,0
204,2024-09-23,13,2,0
204,2024-09-30,9,1,0
204,2024-10-07,9,2,0
204,2024-10-14,7,0,0
204,2024-10-21,14,2,0
204,2024-10-28,9,0,0
204,2024-11-04,9,2,0
204,2024-11-11,9,2,0
204,2024-11-18,12,2,0
204,2024-11-25,7,1,0
204,2024-12-02,10,2,0
204,2024-12-09,11,2,0
204,2024-12-16,9,3,0
205,2024-09-02,3,0,0
205,2024-09-09,4,2,0
205,2024-09-16,6,1,1
205,2024-09-23,13,1,0
205,2024-09-30,6,1,0
205,2024-10-07,4,1,0
205,2024-10-14,5,0,0
205,2024-10-21,8,3,0
205,2024-10-28,3,0,0
205,2024-11-04,5,2,0
205,2024-11-11,7,0,0
205,2024-11-18,10,0,1
205,2024-11-25,6,2,0
205,2024-12-02,7,1,0
205,2024-12-09,10,1,1
205,2024-12-16,6,2,0
206,2024-09-02,9,1,1
206,2024-09-09,4,1,0
206,2024-09-16,7,0,1
206,2024-09-23,10,1,1
206,2024-09-30,3,1,0
206,2024-10-07,4,2,0
206,2024-10-14,5,2,0
206,2024-10-21,9,2,0
206,2024-10-28,7,1,0
206,2024-11-04,4,0,0
206,2024-11-11,4,2,0
206,2024-11-18,6,1,0
206,2024-11-25,5,2,0
206,2024-12-02,5,3,0
206,2024-12-09,10,1,0
206,2024-12-16,5,3,0
207,2024-09-02,9,2,0
207,2024-09-09,7,1,0
207,2024-09-16,7,1,0
207,2024-09-23,13,2,0
207,2024-09-30,7,3,0
207,2024-10-07,7,0,1
207,2024-10-14,8,1,0
207,2024-10-21,15,1,1
207,2024-10-28,9,2,0
207,2024-11-04,9,1,0
207,2024-11-11,9,1,0
207,2024-11-18,15,3,0
207,2024-11-25,11,1,0
207,2024-12-02,11,1,0
207,2024-12-09,16,1,0
207,2024-12-16,11,3,0
208,2024-09-02,3,1,0
208,2024-09-09,6,2,1
208,2024-09-16,2,1,0
208,2024-09-23,4,1,0
208,2024-09-30,4,3,0
208,2024-10-07,5,1,1
208,2024-10-14,7,2,0
208,2024-10-21,4,2,0
208,2024-10-28,4,2,0
208,2024-11-04,2,2,1
208,2024-11-11,5,2,1
208,2024-11-18,5,1,0
208,2024-11-25,3,1,1
208,2024-12-02,2,1,1
208,2024-12-09,4,1,0
208,2024-12-16,1,2,1
209,2024-09-02,3,1,0
209,2024-09-09,0,2,0
209,2024-09-16,0,0,0
209,2024-09-23,0,0,1
209,2024-09-30,0,0,1
209,2024-10-07,0,2,0
209,2024-10-14,3,0,1
209,2024-10-21,0,0,1
209,2024-10-28,0,0,0
209,2024-11-04,0,1,0
209,2024-11-11,0,0,0
209,2024-11-18,0,0,2
209,2024-11-25,0,0,1
209,2024-12-02,0,0,1
209,2024-12-09,0,0,1
209,2024-12-16,0,0,1
210,2024-09-02,3,2,0
210,2024-09-09,5,1,0
210,2024-09-16,5,2,0
210,2024-09-23,7,0,0
210,2024-09-30,1,3,0
210,2024-10-07,5,1,0
210,2024-10-14,4,2,0
210,2024-10-21,4,2,0
210,2024-10-28,2,4,0
210,2024-11-04,5,1,0
210,2024-11-11,4,2,0
210,2024-11-18,8,1,0
210,2024-11-25,3,0,0
210,2024-12-02,3,1,1
210,2024-12-09,4,2,1
210,2024-12-16,3,1,0
211,2024-09-02,1,0,0
211,2024-09-09,0,3,0
211,2024-09-16,2,2,0
211,2024-09-23,4,1,0
211,2024-09-30,2,0,2
211,2024-10-07,1,1,1
211,2024-10-14,2,1,0
211,2024-10-21,0,1,1
211,2024-10-28,1,2,0
211,2024-11-04,0,2,1
211,2024-11-11,2,1,1
211,2024-11-18,7,1,0
211,2024-11-25,0,1,0
211,2024-12-02,0,1,1
211,2024-12-09,3,1,0
211,2024-12-16,1,1,1
212,2024-09-02,6,1,0
212,2024-09-09,5,2,0
212,2024-09-16,12,1,1
212,2024-09-23,11,1,0
212,2024-09-30,7,1,0
212,2024-10-07,8,3,0
212,2024-10-14,9,2,0
212,2024-10-21,13,1,0
212,2024-10-28,10,2,0
212,2024-11-04,10,1,0
212,2024-11-11,8,1,1
212,2024-11-18,13,2,0
212,2024-11-25,8,1,0
212,2024-12-02,9,1,0
212,2024-12-09,13,1,0
212,2024-12-16,9,3,0
213,2024-09-02,5,2,1
213,2024-09-09,7,2,0
213,2024-09-16,8,2,0
213,2024-09-23,10,1,0
213,2024-09-30,6,2,0
213,2024-10-07,7,0,0
213,2024-10-14,5,0,1
213,2024-10-21,6,1,0
213,2024-10-28,6,1,0
213,2024-11-04,6,3,0
213,2024-11-11,5,1,0
213,2024-11-18,7,3,0
213,2024-11-25,6,3,0
213,2024-12-02,7,2,0
213,2024-12-09,7,1,0
213,2024-12-16,9,2,1
214,2024-09-02,8,1,0
214,2024-09-09,8,0,0
214,2024-09-16,8,1,0
214,2024-09-23,14,2,0
214,2024-09-30,6,1,0
214,2024-10-07,9,2,0
214,2024-10-14,10,1,0
214,2024-10-21,12,0,0
214,2024-10-28,8,1,0
214,2024-11-04,7,2,0
214,2024-11-11,8,0,0
214,2024-11-18,13,1,0
214,2024-11-25,9,2,0
214,2024-12-02,9,1,0
214,2024-12-09,15,2,0
214,2024-12-16,11,2,0
215,2024-09-02,1,2,0
215,2024-09-09,6,2,0
215,2024-09-16,4,2,0
215,2024-09-23,4,2,0
215,2024-09-30,4,1,0
215,2024-10-07,5,1,0
215,2024-10-14,3,1,0
215,2024-10-21,5,0,0
215,2024-10-28,6,2,0
215,2024-11-04,4,2,1
215,2024-11-11,3,2,0
215,2024-11-18,4,1,0
215,2024-11-25,2,1,0
215,2024-12-02,3,2,1
215,2024-12-09,3,0,0
215,2024-12-16,3,1,1
216,2024-09-02,1,2,0
216,2024-09-09,2,0,1
216,2024-09-16,2,1,1
216,2024-09-23,0,1,0
216,2024-09-30,5,2,1
216,2024-10-07,0,1,0
216,2024-10-14,1,1,0
216,2024-10-21,0,0,1
216,2024-10-28,0,1,1
216,2024-11-04,0,0,1
216,2024-11-11,0,0,1
216,2024-11-18,1,1,1
216,2024-11-25,0,1,2
216,2024-12-02,0,0,2
216,2024-12-09,0,1,1
216,2024-12-16,0,0,2
217,2024-09-02,7,1,1
217,2024-09-09,4,1,0
217,2024-09-16,4,1,0
217,2024-09-23,4,1,0
217,2024-09-30,3,1,0
217,2024-10-07,4,0,1
217,2024-10-14,3,1,0
217,2024-10-21,6,2,0
217,2024-10-28,4,2,1
217,2024-11-04,3,0,1
217,2024-11-11,3,1,0
217,2024-11-18,6,1,0
217,2024-11-25,4,1,2
217,2024-12-02,2,1,0
217,2024-12-09,7,1,0
217,2024-12-16,4,0,1
218,2024-09-02,11,2,0
218,2024-09-09,10,3,1
218,2024-09-16,9,2,0
218,2024-09-23,14,1,0
218,2024-09-30,4,2,0
218,2024-10-07,10,2,1
218,2024-10-14,7,2,1
218,2024-10-21,14,2,0
218,2024-10-28,8,2,0
218,2024-11-04,8,0,0
218,2024-11-11,10,2,0
218,2024-11-18,13,0,0
218,2024-11-25,8,1,0
218,2024-12-02,7,1,0
218,2024-12-09,13,1,0
218,2024-12-16,7,2,0
219,2024-09-02,8,2,0
219,2024-09-09,4,2,0
219,2024-09-16,1,3,0
219,2024-09-23,9,1,0
219,2024-09-30,4,2,0
219,2024-10-07,8,0,1
219,2024-10-14,6,1,0
219,2024-10-21,10,3,0
219,2024-10-28,4,2,1
219,2024-11-04,8,2,0
219,2024-11-11,7,2,0
219,2024-11-18,6,2,0
219,2024-11-25,4,1,1
219,2024-12-02,6,2,0
219,2024-12-09,6,1,1
219,2024-12-16,6,2,0
220,2024-09-02,3,3,0
220,2024-09-09,6,2,0
220,2024-09-16,2,0,1
220,2024-09-23,5,0,0
220,2024-09-30,3,0,1
220,2024-10-07,3,1,0
220,2024-10-14,1,0,1
220,2024-10-21,5,1,0
220,2024-10-28,1,2,0
220,2024-11-04,6,2,0
220,2024-11-11,4,1,1
220,2024-11-18,7,1,0
220,2024-11-25,5,2,1
220,2024-12-02,0,2,0
220,2024-12-09,8,2,0
220,2024-12-16,5,3,0
221,2024-09-02,9,1,0
221,2024-09-09,7,1,0
221,2024-09-16,8,2,0
221,2024-09-23,9,1,0
221,2024-09-30,7,3,0
221,2024-10-07,7,1,0
221,2024-10-14,8,1,1
221,2024-10-21,8,1,0
221,2024-10-28,7,2,0
221,2024-11-04,6,1,0
221,2024-11-11,4,1,0
221,2024-11-18,10,0,0
221,2024-11-25,4,2,0
221,2024-12-02,4,2,0
221,2024-12-09,8,0,0
221,2024-12-16,7,2,0
222,2024-09-02,3,1,0
222,2024-09-09,5,1,0
222,2024-09-16,2,2,0
222,2024-09-23,3,2,0
222,2024-09-30,3,0,1
222,2024-10-07,2,2,1
222,2024-10-14,1,0,0
222,2024-10-21,0,1,0
222,2024-10-28,0,1,0
222,2024-11-04,2,3,1
222,2024-11-11,0,1,0
222,2024-11-18,2,1,0
222,2024-11-25,3,0,1
222,2024-12-02,0,2,1
222,2024-12-09,1,1,1
222,2024-12-16,0,0,0
223,2024-09-02,0,2,0
223,2024-09-09,0,1,0
223,2024-09-16,1,1,0
223,2024-09-23,1,1,0
223,2024-09-30,5,1,0
223,2024-10-07,1,1,1
223,2024-10-14,0,1,1
223,2024-10-21,1,0,1
223,2024-10-28,2,1,0
223,2024-11-04,1,1,1
223,2024-11-11,3,0,1
223,2024-11-18,0,3,0
223,2024-11-25,1,1,0
223,2024-12-02,0,2,1
223,2024-12-09,4,1,1
223,2024-12-16,0,1,0
224,2024-09-02,4,1,0
224,2024-09-09,4,2,1
224,2024-09-16,3,2,1
224,2024-09-23,7,2,0
224,2024-09-30,4,0,0
224,2024-10-07,4,1,1
224,2024-10-14,1,3,1
224,2024-10-21,5,1,0
224,2024-10-28,5,1,0
224,2024-11-04,3,3,0
224,2024-11-11,3,2,0
224,2024-11-18,7,1,0
224,2024-11-25,5,1,0
224,2024-12-02,3,0,0
224,2024-12-09,5,1,1
224,2024-12-16,5,1,0
225,2024-09-02,7,3,0
225,2024-09-09,6,2,0
225,2024-09-16,4,2,1
225,2024-09-23,8,2,0
225,2024-09-30,2,2,0
225,2024-10-07,5,1,0
225,2024-10-14,7,3,1
225,2024-10-21,6,2,0
225,2024-10-28,5,1,0
225,2024-11-04,7,1,0
225,2024-11-11,6,2,1
225,2024-11-18,7,2,0
225,2024-11-25,5,1,0
225,2024-12-02,4,0,0
225,2024-12-09,8,1,0
225,2024-12-16,7,1,1
226,2024-09-02,8,0,0
226,2024-09-09,5,0,0
226,2024-09-16,7,3,0
226,2024-09-23,9,1,1
226,2024-09-30,9,1,0
226,2024-10-07,2,3,0
226,2024-10-14,6,0,0
226,2024-10-21,8,2,0
226,2024-10-28,4,1,1
226,2024-11-04,6,2,0
226,2024-11-11,1,1,0
226,2024-11-18,9,4,0
226,2024-11-25,10,2,0
226,2024-12-02,6,3,1
226,2024-12-09,8,2,0
226,2024-12-16,7,3,0
227,2024-09-02,7,2,0
227,2024-09-09,9,2,0
227,2024-09-16,10,2,0
227,2024-09-23,12,1,0
227,2024-09-30,9,1,0
227,2024-10-07,8,2,0
227,2024-10-14,8,2,1
227,2024-10-21,12,2,0
227,2024-10-28,9,1,0
227,2024-11-04,10,1,0
227,2024-11-11,7,1,0
227,2024-11-18,11,1,0
227,2024-11-25,9,1,0
227,2024-12-02,9,1,0
227,2024-12-09,17,2,1
227,2024-12-16,8,2,0
228,2024-09-02,4,3,0
228,2024-09-09,8,1,0
228,2024-09-16,5,1,0
228,2024-09-23,9,1,0
228,2024-09-30,5,1,0
228,2024-10-07,7,0,1
228,2024-10-14,5,1,0
228,2024-10-21,11,2,0
228,2024-10-28,7,0,0
228,2024-11-04,4,2,0
228,2024-11-11,7,2,0
228,2024-11-18,8,3,0
228,2024-11-25,6,1,0
228,2024-12-02,5,1,0
228,2024-12-09,9,1,0
228,2024-12-16,4,1,0
229,2024-09-02,8,1,1
229,2024-09-09,4,2,0
229,2024-09-16,4,1,0
229,2024-09-23,9,2,0
229,2024-09-30,4,1,0
229,2024-10-07,5,1,0
229,2024-10-14,9,1,0
229,2024-10-21,9,1,0
229,2024-10-28,4,3,0
229,2024-11-04,5,1,0
229,2024-11-11,8,0,0
229,2024-11-18,8,1,0
229,2024-11-25,3,1,0
229,2024-12-02,5,2,0
229,2024-12-09,8,2,0
229,2024-12-16,5,2,0
230,2024-09-02,2,3,1
230,2024-09-09,4,2,0
230,2024-09-16,2,1,0
230,2024-09-23,5,0,0
230,2024-09-30,4,3,0
230,2024-10-07,2,0,0
230,2024-10-14,5,1,1
230,2024-10-21,5,1,0
230,2024-10-28,4,0,0
230,2024-11-04,4,2,0
230,2024-11-11,3,2,0
230,2024-11-18,4,0,0
230,2024-11-25,3,1,1
230,2024-12-02,3,0,0
230,2024-12-09,3,3,1
230,2024-12-16,3,1,0
231,2024-09-02,5,1,0
231,2024-09-09,3,3,0
231,2024-09-16,5,1,1
231,2024-09-23,5,2,1
231,2024-09-30,2,2,0
231,2024-10-07,4,1,1
231,2024-10-14,1,3,1
231,2024-10-21,8,0,0
231,2024-10-28,5,0,0
231,2024-11-04,2,1,1
231,2024-11-11,3,1,0
231,2024-11-18,6,2,0
231,2024-11-25,0,1,1
231,2024-12-02,3,1,1
231,2024-12-09,3,1,0
231,2024-12-16,2,1,0
232,2024-09-02,6,2,0
232,2024-09-09,9,3,0
232,2024-09-16,7,1,0
232,2024-09-23,14,1,1
232,2024-09-30,10,1,0
232,2024-10-07,8,2,0
232,2024-10-14,10,3,0
232,2024-10-21,14,2,0
232,2024-10-28,7,3,1
232,2024-11-04,8,1,0
232,2024-11-11,9,1,0
232,2024-11-18,14,2,0
232,2024-11-25,9,1,0
232,2024-12-02,9,1,0
232,2024-12-09,11,1,0
232,2024-12-16,9,3,0
233,2024-09-02,6,2,1
233,2024-09-09,6,1,0
233,2024-09-16,8,1,0
233,2024-09-23,10,2,0
233,2024-09-30,4,1,0
233,2024-10-07,7,2,0
233,2024-10-14,6,2,0
233,2024-10-21,7,1,0
233,2024-10-28,3,0,1
233,2024-11-04,6,2,0
233,2024-11-11,7,2,0
233,2024-11-18,11,2,0
233,2024-11-25,5,0,0
233,2024-12-02,6,1,1
233,2024-12-09,6,1,0
233,2024-12-16,5,2,0
234,2024-09-02,8,1,1
234,2024-09-09,12,2,0
234,2024-09-16,11,0,0
234,2024-09-23,12,1,0
234,2024-09-30,7,2,0
234,2024-10-07,8,1,0
234,2024-10-14,10,1,0
234,2024-10-21,14,2,1
234,2024-10-28,7,1,1
234,2024-11-04,8,0,0
234,2024-11-11,9,0,1
234,2024-11-18,12,2,0
234,2024-11-25,7,1,0
234,2024-12-02,10,1,0
234,2024-12-09,12,3,1
234,2024-12-16,10,2,0
235,2024-09-02,7,1,0
235,2024-09-09,6,2,0
235,2024-09-16,10,2,0
235,2024-09-23,14,1,1
235,2024-09-30,9,2,0
235,2024-10-07,7,2,0
235,2024-10-14,7,0,0
235,2024-10-21,15,1,0
235,2024-10-28,11,1,0
235,2024-11-04,7,3,1
235,2024-11-11,10,2,0
235,2024-11-18,16,2,0
235,2024-11-25,8,1,1
235,2024-12-02,9,3,0
235,2024-12-09,12,1,0
235,2024-12-16,8,1,1
236,2024-09-02,1,2,0
236,2024-09-09,1,3,0
236,2024-09-16,2,2,0
236,2024-09-23,0,2,1
236,2024-09-30,0,2,0
236,2024-10-07,0,1,1
236,2024-10-14,1,1,0
236,2024-10-21,1,1,0
236,2024-10-28,0,2,1
236,2024-11-04,0,1,0
236,2024-11-11,0,1,0
236,2024-11-18,4,1,0
236,2024-11-25,0,2,0
236,2024-12-02,0,2,1
236,2024-12-09,1,3,1
236,2024-12-16,0,1,0
237,2024-09-02,10,2,1
237,2024-09-09,10,1,0
237,2024-09-16,8,1,0
237,2024-09-23,15,1,0
237,2024-09-30,8,2,0
237,2024-10-07,5,2,0
237,2024-10-14,9,1,0
237,2024-10-21,14,2,0
237,2024-10-28,11,1,1
237,2024-11-04,9,0,0
237,2024-11-11,10,1,0
237,2024-11-18,13,1,0
237,2024-11-25,10,1,0
237,2024-12-02,10,1,0
237,2024-12-09,11,2,0
237,2024-12-16,8,2,1
238,2024-09-02,4,0,0
238,2024-09-09,5,1,0
238,2024-09-16,7,0,0
238,2024-09-23,12,2,0
238,2024-09-30,7,2,0
238,2024-10-07,7,2,0
238,2024-10-14,6,1,0
238,2024-10-21,7,1,0
238,2024-10-28,4,1,0
238,2024-11-04,6,2,0
238,2024-11-11,8,2,0
238,2024-11-18,9,2,1
238,2024-11-25,7,3,0
238,2024-12-02,6,3,0
238,2024-12-09,8,2,0
238,2024-12-16,7,1,0
239,2024-09-02,9,1,0
239,2024-09-09,7,2,1
239,2024-09-16,9,2,1
239,2024-09-23,11,2,0
239,2024-09-30,9,1,0
239,2024-10-07,9,3,0
239,2024-10-14,8,0,0
239,2024-10-21,15,1,0
239,2024-10-28,11,0,1
239,2024-11-04,8,1,0
239,2024-11-11,8,2,0
239,2024-11-18,10,1,0
239,2024-11-25,9,1,0
239,2024-12-02,9,1,0
239,2024-12-09,14,1,0
239,2024-12-16,4,2,0
240,2024-09-02,0,2,1
240,2024-09-09,1,1,0
240,2024-09-16,0,1,1
240,2024-09-23,2,0,0
240,2024-09-30,1,2,0
240,2024-10-07,2,2,1
240,2024-10-14,1,2,0
240,2024-10-21,5,1,0
240,2024-10-28,0,2,2
240,2024-11-04,1,2,0
240,2024-11-11,0,2,0
240,2024-11-18,4,2,1
240,2024-11-25,3,3,1
240,2024-12-02,0,0,2
240,2024-12-09,0,2,0
240,2024-12-16,2,0,0
241,2024-09-02,3,1,0
241,2024-09-09,3,2,0
241,2024-09-16,2,1,1
241,2024-09-23,6,0,0
241,2024-09-30,3,3,1
241,2024-10-07,2,3,0
241,2024-10-14,5,0,0
241,2024-10-21,3,0,1
241,2024-10-28,4,1,0
241,2024-11-04,3,2,1
241,2024-11-11,3,1,1
241,2024-11-18,6,1,1
241,2024-11-25,2,1,0
241,2024-12-02,2,2,0
241,2024-12-09,4,3,0
241,2024-12-16,2,2,0
242,2024-09-02,4,2,0
242,2024-09-09,7,1,0
242,2024-09-16,5,1,1
242,2024-09-23,8,2,0
242,2024-09-30,4,2,0
242,2024-10-07,3,2,0
242,2024-10-14,7,0,0
242,2024-10-21,9,2,0
242,2024-10-28,3,3,0
242,2024-11-04,8,2,0
242,2024-11-11,4,1,1
242,2024-11-18,11,1,0
242,2024-11-25,5,1,0
242,2024-12-02,6,2,0
242,2024-12-09,9,0,0
242,2024-12-16,9,2,0
243,2024-09-02,4,2,0
243,2024-09-09,3,1,1
243,2024-09-16,3,0,0
243,2024-09-23,4,0,0
243,2024-09-30,4,2,0
243,2024-10-07,4,2,0
243,2024-10-14,4,0,0
243,2024-10-21,4,2,0
243,2024-10-28,3,0,1
243,2024-11-04,4,2,0
243,2024-11-11,2,1,0
243,2024-11-18,6,0,0
243,2024-11-25,6,2,0
243,2024-12-02,6,0,0
243,2024-12-09,4,2,1
243,2024-12-16,2,2,0
244,2024-09-02,3,1,0
244,2024-09-09,1,2,0
244,2024-09-16,1,2,0
244,2024-09-23,4,2,0
244,2024-09-30,1,1,0
244,2024-10-07,1,1,0
244,2024-10-14,2,1,1
244,2024-10-21,2,0,0
244,2024-10-28,0,2,0
244,2024-11-04,1,1,0
244,2024-11-11,1,0,0
244,2024-11-18,1,0,1
244,2024-11-25,0,0,1
244,2024-12-02,2,0,0
244,2024-12-09,1,1,0
244,2024-12-16,2,1,1
245,2024-09-02,3,2,0
245,2024-09-09,3,2,0
245,2024-09-16,1,1,0
245,2024-09-23,1,0,0
245,2024-09-30,0,1,1
245,2024-10-07,1,1,1
245,2024-10-14,1,1,1
245,2024-10-21,0,1,1
245,2024-10-28,1,1,0
245,2024-11-04,0,1,1
245,2024-11-11,0,1,1
245,2024-11-18,0,0,1
245,2024-11-25,0,0,1
245,2024-12-02,0,1,1
245,2024-12-09,0,1,2
245,2024-12-16,0,0,2
246,2024-09-02,6,2,0
246,2024-09-09,5,2,0
246,2024-09-16,5,1,0
246,2024-09-23,10,2,0
246,2024-09-30,6,3,0
246,2024-10-07,4,3,0
246,2024-10-14,4,0,0
246,2024-10-21,6,1,0
246,2024-10-28,7,1,0
246,2024-11-04,4,1,0
246,2024-11-11,5,1,0
246,2024-11-18,10,2,0
246,2024-11-25,7,1,0
246,2024-12-02,3,4,0
246,2024-12-09,10,1,0
246,2024-12-16,8,1,0
247,2024-09-02,1,0,0
247,2024-09-09,3,1,0
247,2024-09-16,2,2,0
247,2024-09-23,2,3,0
247,2024-09-30,1,3,1
247,2024-10-07,0,1,0
247,2024-10-14,0,1,0
247,2024-10-21,2,1,0
247,2024-10-28,1,2,0
247,2024-11-04,0,2,0
247,2024-11-11,3,1,1
247,2024-11-18,0,1,1
247,2024-11-25,0,0,0
247,2024-12-02,1,1,1
247,2024-12-09,2,1,1
247,2024-12-16,0,1,2
248,2024-09-02,1,2,0
248,2024-09-09,0,2,0
248,2024-09-16,2,1,0
248,2024-09-23,1,0,1
248,2024-09-30,0,1,0
248,2024-10-07,4,0,0
248,2024-10-14,1,2,1
248,2024-10-21,0,2,1
248,2024-10-28,0,1,1
248,2024-11-04,0,2,1
248,2024-11-11,0,0,1
248,2024-11-18,0,1,2
248,2024-11-25,0,0,2
248,2024-12-02,0,0,1
248,2024-12-09,0,1,2
248,2024-12-16,0,1,2
249,2024-09-02,0,1,0
249,2024-09-09,0,2,0
249,2024-09-16,2,0,0
249,2024-09-23,0,1,1
249,2024-09-30,0,2,0
249,2024-10-07,0,1,1
249,2024-10-14,0,2,1
249,2024-10-21,0,0,1
249,2024-10-28,0,0,0
249,2024-11-04,0,1,1
249,2024-11-11,0,1,1
249,2024-11-18,0,0,1
249,2024-11-25,0,0,1
249,2024-12-02,0,0,0
249,2024-12-09,1,0,2
249,2024-12-16,0,1,1
250,2024-09-02,4,2,0
250,2024-09-09,5,1,0
250,2024-09-16,1,2,1
250,2024-09-23,8,2,0
250,2024-09-30,1,2,0
250,2024-10-07,3,1,0
250,2024-10-14,3,1,0
250,2024-10-21,5,0,0
250,2024-10-28,2,0,0
250,2024-11-04,2,2,0
250,2024-11-11,4,2,0
250,2024-11-18,6,2,0
250,2024-11-25,5,0,1
250,2024-12-02,1,2,1
250,2024-12-09,5,1,1
250,2024-12-16,2,3,0
251,2024-09-02,3,1,0
251,2024-09-09,3,1,0
251,2024-09-16,2,3,0
251,2024-09-23,6,2,0
251,2024-09-30,3,1,0
251,2024-10-07,4,1,0
251,2024-10-14,3,0,0
251,2024-10-21,5,2,1
251,2024-10-28,2,2,0
251,2024-11-04,5,2,0
251,2024-11-11,1,2,0
251,2024-11-18,4,0,0
251,2024-11-25,5,1,1
251,2024-12-02,3,0,1
251,2024-12-09,3,1,0
251,2024-12-16,4,0,0
252,2024-09-02,4,1,0
252,2024-09-09,9,2,0
252,2024-09-16,4,1,0
252,2024-09-23,6,1,1
252,2024-09-30,4,2,1
252,2024-10-07,6,2,0
252,2024-10-14,5,3,0
252,2024-10-21,6,1,0
252,2024-10-28,5,1,1
252,2024-11-04,7,2,0
252,2024-11-11,4,0,0
252,2024-11-18,10,1,0
252,2024-11-25,6,1,1
252,2024-12-02,7,2,0
252,2024-12-09,7,2,0
252,2024-12-16,6,2,0
253,2024-09-02,6,1,0
253,2024-09-09,1,2,1
253,2024-09-16,2,3,0
253,2024-09-23,1,2,1
253,2024-09-30,1,2,0
253,2024-10-07,0,1,0
253,2024-10-14,2,1,0
253,2024-10-21,2,1,0
253,2024-10-28,0,1,1
253,2024-11-04,1,3,1
253,2024-11-11,0,3,1
253,2024-11-18,3,1,1
253,2024-11-25,1,0,1
253,2024-12-02,0,1,0
253,2024-12-09,2,1,1
253,2024-12-16,0,0,1
254,2024-09-02,5,2,0
254,2024-09-09,1,1,1
254,2024-09-16,5,1,0
254,2024-09-23,8,2,1
254,2024-09-30,5,1,0
254,2024-10-07,3,1,1
254,2024-10-14,4,0,0
254,2024-10-21,2,2,0
254,2024-10-28,4,1,0
254,2024-11-04,4,0,0
254,2024-11-11,3,3,1
254,2024-11-18,6,1,1
254,2024-11-25,2,1,0
254,2024-12-02,3,1,0
254,2024-12-09,2,1,0
254,2024-12-16,5,2,0
255,2024-09-02,4,1,0
255,2024-09-09,5,0,0
255,2024-09-16,3,1,1
255,2024-09-23,4,1,0
255,2024-09-30,6,1,0
255,2024-10-07,3,2,0
255,2024-10-14,7,2,0
255,2024-10-21,4,1,0
255,2024-10-28,3,2,0
255,2024-11-04,2,3,0
255,2024-11-11,0,0,0
255,2024-11-18,6,1,0
255,2024-11-25,5,1,1
255,2024-12-02,5,1,1
255,2024-12-09,5,2,0
255,2024-12-16,0,1,0
256,2024-09-02,5,1,0
256,2024-09-09,5,1,0
256,2024-09-16,4,1,0
256,2024-09-23,9,1,0
256,2024-09-30,3,1,1
256,2024-10-07,4,1,0
256,2024-10-14,3,3,0
256,2024-10-21,9,0,0
256,2024-10-28,7,2,0
256,2024-11-04,4,2,0
256,2024-11-11,3,1,0
256,2024-11-18,10,0,0
256,2024-11-25,6,2,0
256,2024-12-02,6,2,0
256,2024-12-09,9,1,1
256,2024-12-16,5,1,0
257,2024-09-02,2,2,0
257,2024-09-09,4,2,0
257,2024-09-16,1,1,0
257,2024-09-23,4,1,1
257,2024-09-30,0,1,0
257,2024-10-07,3,1,0
257,2024-10-14,0,1,1
257,2024-10-21,1,2,0
257,2024-10-28,1,0,1
257,2024-11-04,1,1,1
257,2024-11-11,0,1,0
257,2024-11-18,2,0,0
257,2024-11-25,0,2,1
257,2024-12-02,3,1,0
257,2024-12-09,3,1,0
257,2024-12-16,1,1,0
258,2024-09-02,3,2,1
258,2024-09-09,2,1,0
258,2024-09-16,3,3,0
258,2024-09-23,2,1,0
258,2024-09-30,0,2,0
258,2024-10-07,2,1,1
258,2024-10-14,2,1,0
258,2024-10-21,0,2,0
258,2024-10-28,2,2,0
258,2024-11-04,0,1,1
258,2024-11-11,3,0,0
258,2024-11-18,1,0,0
258,2024-11-25,1,1,0
258,2024-12-02,5,1,1
258,2024-12-09,0,1,1
258,2024-12-16,0,0,1
259,2024-09-02,11,2,1
259,2024-09-09,8,1,1
259,2024-09-16,11,3,0
259,2024-09-23,13,2,0
259,2024-09-30,9,2,0
259,2024-10-07,11,1,0
259,2024-10-14,9,3,0
259,2024-10-21,14,2,0
259,2024-10-28,9,1,0
259,2024-11-04,7,1,0
259,2024-11-11,8,1,0
259,2024-11-18,14,3,0
259,2024-11-25,10,0,0
259,2024-12-02,12,2,0
259,2024-12-09,13,2,0
259,2024-12-16,5,2,0
260,2024-09-02,0,1,0
260,2024-09-09,1,1,0
260,2024-09-16,0,2,0
260,2024-09-23,2,2,0
260,2024-09-30,2,2,0
260,2024-10-07,1,0,0
260,2024-10-14,1,0,1
260,2024-10-21,2,0,1
260,2024-10-28,0,0,0
260,2024-11-04,3,1,1
260,2024-11-11,1,1,1
260,2024-11-18,2,1,0
260,2024-11-25,0,1,1
260,2024-12-02,0,0,1
260,2024-12-09,1,1,0
260,2024-12-16,0,0,1
261,2024-09-02,3,3,0
261,2024-09-09,6,2,0
261,2024-09-16,5,0,0
261,2024-09-23,4,3,1
261,2024-09-30,2,1,0
261,2024-10-07,5,1,0
261,2024-10-14,2,1,1
261,2024-10-21,6,1,0
261,2024-10-28,3,2,1
261,2024-11-04,3,2,0
261,2024-11-11,3,1,0
261,2024-11-18,9,1,0
261,2024-11-25,0,2,1
261,2024-12-02,2,0,0
261,2024-12-09,5,2,1
261,2024-12-16,2,1,0
262,2024-09-02,2,2,0
262,2024-09-09,3,2,0
262,2024-09-16,0,1,0
262,2024-09-23,3,1,0
262,2024-09-30,2,2,0
262,2024-10-07,1,0,0
262,2024-10-14,1,1,1
262,2024-10-21,1,1,0
262,2024-10-28,2,2,1
262,2024-11-04,0,2,1
262,2024-11-11,0,1,0
262,2024-11-18,0,0,0
262,2024-11-25,0,0,0
262,2024-12-02,0,0,1
262,2024-12-09,2,3,1
262,2024-12-16,0,0,1
263,2024-09-02,6,1,0
263,2024-09-09,3,1,0
263,2024-09-16,5,1,0
263,2024-09-23,7,2,0
263,2024-09-30,6,2,0
263,2024-10-07,6,1,1
263,2024-10-14,4,1,0
263,2024-10-21,6,3,0
263,2024-10-28,6,1,0
263,2024-11-04,4,2,0
263,2024-11-11,5,2,0
263,2024-11-18,9,1,0
263,2024-11-25,6,1,1
263,2024-12-02,2,1,0
263,2024-12-09,4,0,0
263,2024-12-16,6,3,1
264,2024-09-02,6,2,0
264,2024-09-09,2,0,0
264,2024-09-16,6,2,0
264,2024-09-23,10,3,0
264,2024-09-30,7,1,1
264,2024-10-07,6,2,0
264,2024-10-14,5,1,0
264,2024-10-21,10,1,0
264,2024-10-28,7,1,1
264,2024-11-04,5,3,0
264,2024-11-11,5,1,0
264,2024-11-18,8,0,0
264,2024-11-25,4,2,1
264,2024-12-02,4,3,0
264,2024-12-09,7,2,0
264,2024-12-16,5,1,0
265,2024-09-02,2,1,0
265,2024-09-09,1,0,0
265,2024-09-16,2,0,0
265,2024-09-23,1,1,0
265,2024-09-30,0,1,0
265,2024-10-07,2,0,1
265,2024-10-14,0,0,0
265,2024-10-21,1,0,0
265,2024-10-28,0,1,0
265,2024-11-04,1,0,1
265,2024-11-11,0,1,2
265,2024-11-18,0,1,1
265,2024-11-25,0,1,2
265,2024-12-02,0,2,0
265,2024-12-09,0,0,2
265,2024-12-16,0,0,2
266,2024-09-02,5,1,0
266,2024-09-09,8,2,1
266,2024-09-16,7,1,0
266,2024-09-23,7,1,2
266,2024-09-30,7,2,0
266,2024-10-07,8,2,1
266,2024-10-14,8,0,0
266,2024-10-21,7,1,0
266,2024-10-28,5,3,1
266,2024-11-04,5,3,1
266,2024-11-11,5,0,0
266,2024-11-18,8,2,0
266,2024-11-25,6,2,0
266,2024-12-02,6,1,0
266,2024-12-09,10,1,0
266,2024-12-16,5,1,0
267,2024-09-02,0,1,0
267,2024-09-09,3,1,0
267,2024-09-16,4,1,1
267,2024-09-23,5,2,0
267,2024-09-30,2,0,0
267,2024-10-07,0,3,0
267,2024-10-14,0,0,1
267,2024-10-21,2,2,1
267,2024-10-28,0,0,1
267,2024-11-04,0,2,0
267,2024-11-11,0,1,0
267,2024-11-18,1,1,1
267,2024-11-25,0,1,0
267,2024-12-02,0,1,0
267,2024-12-09,3,2,1
267,2024-12-16,0,0,1
268,2024-09-02,5,1,0
268,2024-09-09,5,1,0
268,2024-09-16,6,2,0
268,2024-09-23,9,1,0
268,2024-09-30,5,2,0
268,2024-10-07,8,2,0
268,2024-10-14,7,2,0
268,2024-10-21,11,2,0
268,2024-10-28,4,2,0
268,2024-11-04,6,1,0
268,2024-11-11,7,1,0
268,2024-11-18,9,0,0
268,2024-11-25,5,2,0
268,2024-12-02,7,1,0
268,2024-12-09,12,1,0
268,2024-12-16,10,2,0
269,2024-09-02,5,2,0
269,2024-09-09,5,0,0
269,2024-09-16,5,1,0
269,2024-09-23,7,1,0
269,2024-09-30,4,1,0
269,2024-10-07,4,2,0
269,2024-10-14,3,2,1
269,2024-10-21,5,2,0
269,2024-10-28,5,1,0
269,2024-11-04,2,2,1
269,2024-11-11,2,2,0
269,2024-11-18,5,3,1
269,2024-11-25,1,1,1
269,2024-12-02,3,0,0
269,2024-12-09,6,2,0
269,2024-12-16,7,2,0
270,2024-09-02,4,1,0
270,2024-09-09,5,3,1
270,2024-09-16,6,1,0
270,2024-09-23,10,1,1
270,2024-09-30,6,2,0
270,2024-10-07,5,2,1
270,2024-10-14,4,1,0
270,2024-10-21,9,1,0
270,2024-10-28,7,0,1
270,2024-11-04,5,0,0
270,2024-11-11,6,1,0
270,2024-11-18,10,1,0
270,2024-11-25,5,3,1
270,2024-12-02,2,2,0
270,2024-12-09,10,1,0
270,2024-12-16,6,1,0
271,2024-09-02,2,2,0
271,2024-09-09,5,2,0
271,2024-09-16,3,1,0
271,2024-09-23,4,2,1
271,2024-09-30,2,2,0
271,2024-10-07,4,0,0
271,2024-10-14,3,2,0
271,2024-10-21,8,2,0
271,2024-10-28,3,3,0
271,2024-11-04,4,1,1
271,2024-11-11,5,1,1
271,2024-11-18,8,1,1
271,2024-11-25,2,1,0
271,2024-12-02,4,2,0
271,2024-12-09,7,2,1
271,2024-12-16,2,1,0
272,2024-09-02,7,1,0
272,2024-09-09,4,2,0
272,2024-09-16,8,2,1
272,2024-09-23,11,2,0
272,2024-09-30,4,0,0
272,2024-10-07,6,1,0
272,2024-10-14,6,1,0
272,2024-10-21,8,1,0
272,2024-10-28,8,1,1
272,2024-11-04,8,1,0
272,2024-11-11,5,2,0
272,2024-11-18,10,2,0
272,2024-11-25,4,2,0
272,2024-12-02,4,1,0
272,2024-12-09,6,2,0
272,2024-12-16,1,1,0
273,2024-09-02,11,1,0
273,2024-09-09,9,1,0
273,2024-09-16,9,1,0
273,2024-09-23,16,2,0
273,2024-09-30,9,2,0
273,2024-10-07,7,2,0
273,2024-10-14,8,2,0
273,2024-10-21,14,2,0
273,2024-10-28,7,1,1
273,2024-11-04,7,1,0
273,2024-11-11,8,2,1
273,2024-11-18,14,1,1
273,2024-11-25,9,1,1
273,2024-12-02,8,3,0
273,2024-12-09,15,2,1
273,2024-12-16,12,1,1
274,2024-09-02,3,1,0
274,2024-09-09,6,2,0
274,2024-09-16,6,2,0
274,2024-09-23,10,3,0
274,2024-09-30,5,2,0
274,2024-10-07,4,2,0
274,2024-10-14,4,0,0
274,2024-10-21,10,2,0
274,2024-10-28,9,1,0
274,2024-11-04,2,1,0
274,2024-11-11,8,1,0
274,2024-11-18,10,2,0
274,2024-11-25,6,2,0
274,2024-12-02,5,1,0
274,2024-12-09,10,1,1
274,2024-12-16,7,1,0
275,2024-09-02,9,2,0
275,2024-09-09,10,1,0
275,2024-09-16,8,2,0
275,2024-09-23,11,2,0
275,2024-09-30,8,1,1
275,2024-10-07,10,1,0
275,2024-10-14,10,2,0
275,2024-10-21,11,1,0
275,2024-10-28,9,3,0
275,2024-11-04,7,1,0
275,2024-11-11,6,3,0
275,2024-11-18,12,0,0
275,2024-11-25,8,2,0
275,2024-12-02,8,1,0
275,2024-12-09,12,0,1
275,2024-12-16,7,2,0
276,2024-09-02,0,2,0
276,2024-09-09,2,2,0
276,2024-09-16,0,3,1
276,2024-09-23,0,1,0
276,2024-09-30,0,2,1
276,2024-10-07,0,1,1
276,2024-10-14,1,1,0
276,2024-10-21,0,1,0
276,2024-10-28,0,0,1
276,2024-11-04,0,1,2
276,2024-11-11,0,1,1
276,2024-11-18,0,0,1
276,2024-11-25,0,1,0
276,2024-12-02,0,1,0
276,2024-12-09,0,0,1
276,2024-12-16,0,0,2
277,2024-09-02,0,1,0
277,2024-09-09,0,2,1
277,2024-09-16,2,1,0
277,2024-09-23,0,2,0
277,2024-09-30,0,2,0
277,2024-10-07,0,2,0
277,2024-10-14,0,0,0
277,2024-10-21,0,0,1
277,2024-10-28,0,0,1
277,2024-11-04,0,1,1
277,2024-11-11,0,1,2
277,2024-11-18,0,1,1
277,2024-11-25,0,1,2
277,2024-12-02,0,0,2
277,2024-12-09,0,1,2
277,2024-12-16,0,0,1
278,2024-09-02,6,2,1
278,2024-09-09,5,3,0
278,2024-09-16,6,1,0
278,2024-09-23,8,0,0
278,2024-09-30,6,2,0
278,2024-10-07,7,2,1
278,2024-10-14,5,0,0
278,2024-10-21,7,2,1
278,2024-10-28,5,2,0
278,2024-11-04,6,2,0
278,2024-11-11,5,2,0
278,2024-11-18,11,2,0
278,2024-11-25,5,0,0
278,2024-12-02,5,2,1
278,2024-12-09,10,3,0
278,2024-12-16,4,1,0
279,2024-09-02,3,0,0
279,2024-09-09,4,1,1
279,2024-09-16,2,2,0
279,2024-09-23,1,1,0
279,2024-09-30,1,2,1
279,2024-10-07,2,2,1
279,2024-10-14,0,1,2
279,2024-10-21,2,2,1
279,2024-10-28,0,1,0
279,2024-11-04,1,0,0
279,2024-11-11,0,1,1
279,2024-11-18,4,2,1
279,2024-11-25,0,1,1
279,2024-12-02,0,1,1
279,2024-12-09,2,2,0
279,2024-12-16,1,0,0
280,2024-09-02,6,2,0
280,2024-09-09,6,2,0
280,2024-09-16,4,1,0
280,2024-09-23,9,2,0
280,2024-09-30,5,2,0
280,2024-10-07,8,2,1
280,2024-10-14,6,1,0
280,2024-10-21,6,1,0
280,2024-10-28,6,1,0
280,2024-11-04,7,1,1
280,2024-11-11,4,1,0
280,2024-11-18,10,0,0
280,2024-11-25,5,3,0
280,2024-12-02,3,1,1
280,2024-12-09,8,1,1
280,2024-12-16,7,3,0
281,2024-09-02,1,2,0
281,2024-09-09,4,3,0
281,2024-09-16,5,1,0
281,2024-09-23,5,1,0
281,2024-09-30,1,1,0
281,2024-10-07,4,2,1
281,2024-10-14,4,2,1
281,2024-10-21,4,0,0
281,2024-10-28,1,3,1
281,2024-11-04,6,1,0
281,2024-11-11,2,2,0
281,2024-11-18,1,1,0
281,2024-11-25,5,3,0
281,2024-12-02,5,2,0
281,2024-12-09,4,1,1
281,2024-12-16,1,1,0
282,2024-09-02,2,1,0
282,2024-09-09,1,3,0
282,2024-09-16,0,2,0
282,2024-09-23,0,3,0
282,2024-09-30,1,1,1
282,2024-10-07,0,1,1
282,2024-10-14,1,0,0
282,2024-10-21,2,2,0
282,2024-10-28,2,0,0
282,2024-11-04,0,2,0
282,2024-11-11,1,1,1
282,2024-11-18,0,2,0
282,2024-11-25,3,0,0
282,2024-12-02,1,1,1
282,2024-12-09,1,0,2
282,2024-12-16,1,2,0
283,2024-09-02,1,2,1
283,2024-09-09,2,2,0
283,2024-09-16,3,2,0
283,2024-09-23,1,0,1
283,2024-09-30,0,1,0
283,2024-10-07,1,1,1
283,2024-10-14,0,1,1
283,2024-10-21,0,0,0
283,2024-10-28,0,1,1
283,2024-11-04,0,0,1
283,2024-11-11,0,1,1
283,2024-11-18,0,0,0
283,2024-11-25,2,0,1
283,2024-12-02,0,1,1
283,2024-12-09,0,0,1
283,2024-12-16,0,0,2
284,2024-09-02,5,1,1
284,2024-09-09,7,3,0
284,2024-09-16,7,2,0
284,2024-09-23,9,2,0
284,2024-09-30,6,2,0
284,2024-10-07,5,2,0
284,2024-10-14,4,1,0
284,2024-10-21,9,1,0
284,2024-10-28,4,0,0
284,2024-11-04,7,2,0
284,2024-11-11,5,1,0
284,2024-11-18,7,1,0
284,2024-11-25,3,1,0
284,2024-12-02,6,1,0
284,2024-12-09,11,1,0
284,2024-12-16,5,2,0
285,2024-09-02,0,1,1
285,2024-09-09,4,1,0
285,2024-09-16,5,2,0
285,2024-09-23,1,2,0
285,2024-09-30,3,2,0
285,2024-10-07,1,1,1
285,2024-10-14,1,1,0
285,2024-10-21,2,0,0
285,2024-10-28,0,2,0
285,2024-11-04,0,0,0
285,2024-11-11,3,1,1
285,2024-11-18,2,1,1
285,2024-11-25,2,1,1
285,2024-12-02,1,0,0
285,2024-12-09,0,2,0
285,2024-12-16,0,1,1
286,2024-09-02,6,3,0
286,2024-09-09,6,0,0
286,2024-09-16,7,1,1
286,2024-09-23,9,2,0
286,2024-09-30,6,1,1
286,2024-10-07,7,2,0
286,2024-10-14,6,2,0
286,2024-10-21,7,1,0
286,2024-10-28,5,3,0
286,2024-11-04,6,0,0
286,2024-11-11,2,1,1
286,2024-11-18,9,1,1
286,2024-11-25,7,2,1
286,2024-12-02,7,2,0
286,2024-12-09,9,2,0
286,2024-12-16,4,2,0
287,2024-09-02,0,2,0
287,2024-09-09,0,2,0
287,2024-09-16,0,2,0
287,2024-09-23,2,3,0
287,2024-09-30,0,0,1
287,2024-10-07,1,1,1
287,2024-10-14,0,1,1
287,2024-10-21,1,1,0
287,2024-10-28,0,1,2
287,2024-11-04,0,1,1
287,2024-11-11,0,0,0
287,2024-11-18,1,0,1
287,2024-11-25,0,0,2
287,2024-12-02,0,0,1
287,2024-12-09,0,0,1
287,2024-12-16,1,0,1
288,2024-09-02,8,2,0
288,2024-09-09,9,2,0
288,2024-09-16,10,2,0
288,2024-09-23,15,2,1
288,2024-09-30,9,1,0
288,2024-10-07,9,1,1
288,2024-10-14,9,2,0
288,2024-10-21,18,1,0
288,2024-10-28,7,1,0
288,2024-11-04,8,1,0
288,2024-11-11,8,2,0
288,2024-11-18,14,2,0
288,2024-11-25,9,1,0
288,2024-12-02,8,1,0
288,2024-12-09,14,2,0
288,2024-12-16,11,1,0
289,2024-09-02,3,3,0
289,2024-09-09,3,1,0
289,2024-09-16,2,2,1
289,2024-09-23,6,1,0
289,2024-09-30,3,1,1
289,2024-10-07,3,1,1
289,2024-10-14,5,2,1
289,2024-10-21,6,0,1
289,2024-10-28,1,2,0
289,2024-11-04,2,1,0
289,2024-11-11,3,2,0
289,2024-11-18,6,1,0
289,2024-11-25,4,0,0
289,2024-12-02,4,2,0
289,2024-12-09,4,1,0
289,2024-12-16,3,0,0
290,2024-09-02,2,2,0
290,2024-09-09,4,2,0
290,2024-09-16,6,2,0
290,2024-09-23,6,1,0
290,2024-09-30,5,3,0
290,2024-10-07,4,1,0
290,2024-10-14,5,1,0
290,2024-10-21,3,2,0
290,2024-10-28,2,2,0
290,2024-11-04,3,1,0
290,2024-11-11,3,2,0
290,2024-11-18,6,1,0
290,2024-11-25,4,1,0
290,2024-12-02,4,1,0
290,2024-12-09,5,1,0
290,2024-12-16,4,1,0
291,2024-09-02,3,0,0
291,2024-09-09,4,2,0
291,2024-09-16,2,2,0
291,2024-09-23,6,1,0
291,2024-09-30,3,1,0
291,2024-10-07,2,2,0
291,2024-10-14,2,0,1
291,2024-10-21,4,2,1
291,2024-10-28,4,1,0
291,2024-11-04,2,2,0
291,2024-11-11,2,0,0
291,2024-11-18,7,1,0
291,2024-11-25,2,0,1
291,2024-12-02,3,2,0
291,2024-12-09,5,2,1
291,2024-12-16,4,1,1
292,2024-09-02,10,1,0
292,2024-09-09,11,1,0
292,2024-09-16,8,0,1
292,2024-09-23,9,0,0
292,2024-09-30,9,1,0
292,2024-10-07,5,2,0
292,2024-10-14,9,2,0
292,2024-10-21,13,0,1
292,2024-10-28,10,1,0
292,2024-11-04,8,2,0
292,2024-11-11,8,0,0
292,2024-11-18,12,2,0
292,2024-11-25,8,2,0
292,2024-12-02,9,1,0
292,2024-12-09,13,2,0
292,2024-12-16,9,2,0
293,2024-09-02,0,0,0
293,2024-09-09,3,1,0
293,2024-09-16,0,2,1
293,2024-09-23,0,2,1
293,2024-09-30,1,3,0
293,2024-10-07,2,0,1
293,2024-10-14,0,1,1
293,2024-10-21,1,0,1
293,2024-10-28,0,2,1
293,2024-11-04,0,0,1
293,2024-11-11,0,1,2
293,2024-11-18,2,1,1
293,2024-11-25,0,0,1
293,2024-12-02,0,2,1
293,2024-12-09,0,1,1
293,2024-12-16,0,0,2
294,2024-09-02,8,0,1
294,2024-09-09,8,0,0
294,2024-09-16,9,2,1
294,2024-09-23,12,2,0
294,2024-09-30,6,2,0
294,2024-10-07,9,2,0
294,2024-10-14,7,2,1
294,2024-10-21,15,2,0
294,2024-10-28,9,2,0
294,2024-11-04,9,0,0
294,2024-11-11,11,2,0
294,2024-11-18,13,1,0
294,2024-11-25,10,2,1
294,2024-12-02,10,2,0
294,2024-12-09,13,1,1
294,2024-12-16,10,1,0
295,2024-09-02,5,2,0
295,2024-09-09,4,1,1
295,2024-09-16,5,3,0
295,2024-09-23,4,2,0
295,2024-09-30,1,2,0
295,2024-10-07,6,2,0
295,2024-10-14,3,3,0
295,2024-10-21,5,1,0
295,2024-10-28,2,2,0
295,2024-11-04,3,2,0
295,2024-11-11,2,2,0
295,2024-11-18,5,2,0
295,2024-11-25,2,2,0
295,2024-12-02,4,2,1
295,2024-12-09,7,1,1
295,2024-12-16,3,0,0
296,2024-09-02,6,2,0
296,2024-09-09,4,2,0
296,2024-09-16,8,1,0
296,2024-09-23,9,2,0
296,2024-09-30,7,2,0
296,2024-10-07,4,1,0
296,2024-10-14,8,3,0
296,2024-10-21,8,1,0
296,2024-10-28,8,1,0
296,2024-11-04,8,0,0
296,2024-11-11,5,0,1
296,2024-11-18,10,1,1
296,2024-11-25,8,1,0
296,2024-12-02,9,2,0
296,2024-12-09,11,2,0
296,2024-12-16,6,2,0
297,2024-09-02,5,3,0
297,2024-09-09,8,3,0
297,2024-09-16,5,1,1
297,2024-09-23,11,2,0
297,2024-09-30,6,2,0
297,2024-10-07,6,3,0
297,2024-10-14,7,3,0
297,2024-10-21,11,1,0
297,2024-10-28,5,1,0
297,2024-11-04,7,2,0
297,2024-11-11,3,2,0
297,2024-11-18,8,3,0
297,2024-11-25,2,1,0
297,2024-12-02,4,1,0
297,2024-12-09,9,2,0
297,2024-12-16,5,1,0
298,2024-09-02,1,0,0
298,2024-09-09,5,2,0
298,2024-09-16,0,2,0
298,2024-09-23,3,2,0
298,2024-09-30,8,0,1
298,2024-10-07,3,0,0
298,2024-10-14,4,2,1
298,2024-10-21,7,1,1
298,2024-10-28,4,1,0
298,2024-11-04,2,1,0
298,2024-11-11,2,2,1
298,2024-11-18,5,2,0
298,2024-11-25,3,2,0
298,2024-12-02,3,0,0
298,2024-12-09,2,0,0
298,2024-12-16,1,1,0
299,2024-09-02,6,2,0
299,2024-09-09,6,2,0
299,2024-09-16,5,2,0
299,2024-09-23,6,1,1
299,2024-09-30,8,2,0
299,2024-10-07,8,3,0
299,2024-10-14,4,1,2
299,2024-10-21,6,1,0
299,2024-10-28,6,1,0
299,2024-11-04,3,2,1
299,2024-11-11,5,1,0
299,2024-11-18,9,1,0
299,2024-11-25,7,1,0
299,2024-12-02,7,0,0
299,2024-12-09,9,2,0
299,2024-12-16,5,1,0
300,2024-09-02,10,1,0
300,2024-09-09,7,0,0
300,2024-09-16,8,2,0
300,2024-09-23,12,2,1
300,2024-09-30,6,1,0
300,2024-10-07,8,2,0
300,2024-10-14,9,1,1
300,2024-10-21,12,1,0
300,2024-10-28,7,2,0
300,2024-11-04,7,2,0
300,2024-11-11,8,2,0
300,2024-11-18,14,2,0
300,2024-11-25,11,2,1
300,2024-12-02,10,1,1
300,2024-12-09,14,1,0
300,2024-12-16,10,2,1
